text,label
"PROPERTY OWNERSHIP DISPUTE

Parties involved: John D'Souza vs Vikram Patel

The dispute concerns ancestral property that was divided among family members. John D'Souza claims that Vikram Patel has occupied a portion of land that was allocated to the plaintiff in the family settlement deed.

Documents examined:
- Family settlement deed from 2010
- Property registration documents
- Revenue records

Opinion: This is a civil dispute regarding interpretation of family settlement. Recommend filing civil suit for partition and specific performance. No criminal elements involved.",0
"FIR - SEXUAL HARASSMENT

Sections: 354, 354A, 509 IPC (Assault/Criminal force with intent to outrage modesty, Sexual Harassment)

Complainant: Rekha Joshi
Accused: Meera Iyer
Location: college campus

Complaint:
The accused Meera Iyer has been sexually harassing me at college campus. The harassment includes inappropriate touching, obscene remarks, and unwanted advances.

Despite clear rejection, the accused continued the harassment. The accused also threatened consequences if I reported the matter.

Statement of a witness has been recorded. This is a criminal case of sexual harassment under IPC. Request arrest of accused and appropriate protection measures.",1
"CHARGE SHEET - ATTEMPT TO MURDER

Sections: 307, 324 IPC (Attempt to Murder, Voluntarily causing hurt by dangerous weapon)

Accused: Neha Agarwal
Victim: Deepa Nair

Facts:
The accused Neha Agarwal made a deliberate attempt on the life of Deepa Nair by attacking with a knife. The victim sustained life-threatening injuries and was hospitalized for weeks.

Evidence:
- Medical report confirming injuries could have been fatal
- Murder weapon recovered
- Eyewitness testimony
- Motive established (property dispute)

This constitutes attempted murder under Section 307 IPC. The accused acted with clear intention to kill. Trial in Sessions Court recommended.",1
"DEMAND NOTICE - BREACH OF CONTRACT

To: Amit Verma

Subject: Legal Notice for Recovery of ₹500,000

This notice is being sent on behalf of my client Pooja Malhotra.

My client had engaged your services for catering services. A written contract was executed and advance payment of ₹300,000 was made.

You have failed to deliver the services as agreed. My client demands:
1. Immediate refund of advance payment
2. Compensation for losses suffered

If we do not receive satisfactory response within 15 days, we shall be constrained to initiate civil proceedings against you. This is a civil dispute - treat this notice seriously.",0
"LABOR DISPUTE - UNPAID WAGES

Petitioner: David Wilson
Respondent: Business Systems Pvt Ltd

Claim Details:
The petitioner was employed with the respondent company as a senior professional. The monthly salary was ₹150,000. 

The respondent has failed to pay salary for the last 4 months amounting to ₹600,000. Additionally, the respondent has not deposited the PF contributions.

The petitioner was asked to resign without any dues being cleared. This constitutes a civil labor dispute for recovery of unpaid wages and statutory dues.

Relief Sought: Recovery of ₹600,000 as unpaid salary plus PF dues and interest.",0
"PROPERTY OWNERSHIP DISPUTE

Parties involved: Anita Reddy vs Arjun Nath

The dispute concerns ancestral property that was divided among family members. Anita Reddy claims that Arjun Nath has occupied a portion of land that was allocated to the plaintiff in the family settlement deed.

Documents examined:
- Family settlement deed from 2010
- Property registration documents
- Revenue records

Opinion: This is a civil dispute regarding interpretation of family settlement. Recommend filing civil suit for partition and specific performance. No criminal elements involved.",0
"LABOR DISPUTE - UNPAID WAGES

Petitioner: Ritu Sharma
Respondent: ABC Technologies Pvt Ltd

Claim Details:
The petitioner was employed with the respondent company as a senior professional. The monthly salary was ₹150,000. 

The respondent has failed to pay salary for the last 2 months amounting to ₹300,000. Additionally, the respondent has not deposited the PF contributions.

The petitioner was asked to resign without any dues being cleared. This constitutes a civil labor dispute for recovery of unpaid wages and statutory dues.

Relief Sought: Recovery of ₹300,000 as unpaid salary plus PF dues and interest.",0
"DOMESTIC VIOLENCE CASE - INVESTIGATION REPORT

Victim: Emily Brown
Accused: Manoj Tiwari
Sections: 498A IPC, DV Act Sections 3, 12, 18

Investigation Findings:
Medical examination confirms multiple old and new injury marks on the victim consistent with physical abuse. Neighbors confirmed hearing sounds of beating from the house regularly.

The accused has been habitually cruel to the victim demanding dowry. Text messages threatening dire consequences recovered from accused's phone.

This is a criminal domestic violence case. Accused arrested. Protection order issued for victim. Criminal trial to proceed.",1
"INVESTIGATION REPORT - ROBBERY CASE

Case: Robbery at residence of Suresh Kumar
Accused: Pooja Malhotra
Sections: 392, 397 IPC (Robbery, Dacoity with attempt to cause death)

Investigation Findings:
The accused Pooja Malhotra along with two others broke into the victim's house while the family was asleep. They threatened the family members with weapons and robbed laptop and mobile phones worth ₹1,50,000.

Evidence:
- Victim's statement recorded
- Stolen items recovered from accused's possession
- Weapons recovered
- Confession statement of accused

This is a criminal case of robbery. The accused has been arrested. Charge sheet being filed for trial.",1
"FAMILY COURT MATTER - MAINTENANCE

Applicant: Ritu Sharma
Respondent: Anil Kapoor

Application for interim maintenance under Section 125 CrPC.

The applicant and respondent are legally married. The respondent has deserted the applicant and is not providing any financial support. The applicant has no independent source of income.

Prayer: Monthly maintenance of ₹50,000 pending divorce proceedings.

Note: This is a civil matrimonial dispute regarding maintenance and not a criminal matter.",0
"CIVIL SUIT - EVICTION AND RENT RECOVERY

Plaintiff/Landlord: Suresh Kumar
Defendant/Tenant: Deepa Nair
Monthly Rent: ₹25,000
Outstanding Rent: ₹100,000 (4 months)

Statement of Facts:
The plaintiff is the owner of the residential premises. The defendant has been a tenant since 2023 at a monthly rent of ₹25,000. 

The defendant has defaulted on rent payments for the last 4 months. Multiple verbal and written reminders have been ignored. The defendant has also caused damage to the property.

Relief Sought:
1. Eviction of the defendant from the premises
2. Recovery of outstanding rent of ₹100,000
3. Compensation for property damage
4. Future rent until actual eviction

This is a civil landlord-tenant dispute under the Rent Control Act.",0
"POSH COMMITTEE TO POLICE COMPLAINT

Complaint Transfer: Internal Committee to Police Station
Sections: 354A IPC (Sexual Harassment)

Accused Employee: Sarah Thomas
Victim: Kavita Gupta

The Internal Complaints Committee (ICC) investigated allegations of sexual harassment at college campus. The Committee found prima facie case of severe sexual harassment warranting criminal action.

Evidence examined:
- Email and message evidence
- Testimony of complainant and witnesses
- CCTV footage

This criminal matter is being forwarded to police for FIR registration and prosecution under appropriate IPC sections.",1
"TENANT DISPUTE SUMMARY

Meera Iyer has been occupying the property owned by Ashok Bansal and has failed to pay rent for 5 consecutive months, totaling ₹175,000.

The tenant also refuses to vacate the premises despite the lease agreement having expired. This constitutes a civil dispute regarding rental arrears and unlawful occupation.

Recommended action: File civil suit for eviction and recovery. No criminal element as this is a contractual tenancy matter.",0
"DEFICIENCY IN SERVICE - CONSUMER MATTER

Consumer: Anil Kapoor
Service Provider: Super Gadgets Ltd
Amount Paid: ₹150,000

The consumer availed services from the opposite party but the services rendered were grossly deficient. The opposite party failed to meet the promised standards and specifications.

Multiple complaints were made but no satisfactory resolution was provided. This constitutes deficiency in service under consumer law.

This is a civil consumer dispute. Seeking refund and compensation through Consumer Forum.",0
"DEFICIENCY IN SERVICE - CONSUMER MATTER

Consumer: Suresh Kumar
Service Provider: Prime Furniture House
Amount Paid: ₹500,000

The consumer availed services from the opposite party but the services rendered were grossly deficient. The opposite party failed to meet the promised standards and specifications.

Multiple complaints were made but no satisfactory resolution was provided. This constitutes deficiency in service under consumer law.

This is a civil consumer dispute. Seeking refund and compensation through Consumer Forum.",0
"CRIMINAL CASE - HOMICIDE

Case Type: Murder (Section 302 IPC)
Accused: Ashok Bansal
Victim/Deceased: Pooja Malhotra

The accused Ashok Bansal has been charged with the murder of Pooja Malhotra. Investigation reveals the accused poisoned the victim's food over several days, leading to death.

Forensic Evidence:
- Poison traces found in victim's body
- Purchase records linking accused to poison
- Life insurance policy naming accused as beneficiary

This is a case of planned criminal homicide for financial gain. The accused should be prosecuted for murder.",1
"CIVIL SUIT - PROPERTY DISPUTE

Court: Bangalore City Civil Court
Case Type: Property/Land Dispute

Plaintiff: Manoj Tiwari
Defendant: Ashok Bansal

Facts of the Case:
The plaintiff owns a residential property at 789 Green Road, Dwarka. The defendant, who is the neighbor, has unlawfully constructed a boundary wall that encroaches approximately 3 feet onto the plaintiff's land.

Despite multiple requests for removal of the encroachment, the defendant has refused to comply. The plaintiff seeks a mandatory injunction directing the defendant to demolish the encroaching construction and restore the land.

Relief Sought: Mandatory injunction for removal of encroachment and damages for illegal possession.",0
"FIR - THEFT/ROBBERY

Police Station: City Police Station
FIR Number: 407/2025
Sections: 379, 380 IPC (Theft, Theft in dwelling house)

Complainant: Ashok Bansal
Accused: Neha Agarwal (identified)

Incident:
On the night of the incident, unknown persons broke into my residence while I was away. Upon returning, I found the lock broken and the house ransacked.

Items Stolen:
laptop and mobile phones worth ₹1,50,000

During investigation, the accused Neha Agarwal was identified based on CCTV footage. This is a criminal case of theft/burglary. Request immediate action and recovery of stolen property.",1
"WRONGFUL TERMINATION CASE

Employee: Sunita Rao
Employer: Tech Innovations Corp

The employee was terminated without following due process. No show-cause notice was issued. The termination letter cited ""performance issues"" but no performance improvement plan was ever discussed.

Outstanding Dues:
- Unpaid salary: ₹300,000
- Notice period pay: ₹150,000
- Earned leave encashment: ₹75,000

This is a civil matter for wrongful termination and recovery of dues. To be filed before the Labor Commissioner.",0
"CYBER CRIME COMPLAINT - ONLINE FRAUD

Sections: 420 IPC, Section 66D IT Act

Victim: Rekha Joshi
Accused/Suspect: Sanjay Mehta
Amount Defrauded: ₹10,000,000

Details of Cyber Fraud:
The accused operated a fraudulent property sale with forged documents. The victim was contacted through social media and convinced to transfer money with promises of high returns.

Multiple transactions were made to the accused's bank account. After collecting ₹10,000,000, the accused blocked all communication and disappeared.

Evidence: Bank statements, WhatsApp chats, Email correspondence

This is a criminal case of cyber fraud under IPC and IT Act. Request urgent action.",1
"DOMESTIC VIOLENCE CASE - INVESTIGATION REPORT

Victim: Ritu Sharma
Accused: Suresh Kumar
Sections: 498A IPC, DV Act Sections 3, 12, 18

Investigation Findings:
Medical examination confirms multiple old and new injury marks on the victim consistent with physical abuse. Neighbors confirmed hearing sounds of beating from the house regularly.

The accused has been habitually cruel to the victim demanding dowry. Text messages threatening dire consequences recovered from accused's phone.

This is a criminal domestic violence case. Accused arrested. Protection order issued for victim. Criminal trial to proceed.",1
"FIR - FIRST INFORMATION REPORT

Police Station: Central Police Station
FIR Number: 648/2025
Sections: 323, 324, 506 IPC (Assault, Causing Hurt, Criminal Intimidation)

Complainant: Neha Agarwal
Accused: Raj Sharma

Statement:
On the evening of Wednesday, at approximately 8 PM, the accused Raj Sharma attacked me near 567 Hill Side, Saket. 

The accused attacked me with a wooden stick causing injuries to my head and arms. He also threatened to kill me if I report to the police. I sustained bleeding injuries and was taken to the hospital.

This is a criminal case of assault and criminal intimidation. The accused should be arrested and prosecuted.",1
"INVESTIGATION REPORT - DOCUMENT FORGERY

Accused: Rohit Bhatia
Victim: Amit Verma
Sections: 467, 468, 471, 420 IPC

Investigation Findings:
The accused Rohit Bhatia created forged property registration documents to illegally transfer assets belonging to Amit Verma. Forensic examination of documents confirms:

1. Signature is forged - expert opinion obtained
2. Documents printed on backdated stamp paper
3. Witnesses listed are fictitious

The accused has committed criminal forgery for financial gain. Evidence is conclusive. Recommend arrest and prosecution in criminal court.",1
"FIR - FORGERY AND FRAUD

Sections: 465, 467, 468, 471 IPC (Forgery, Forgery of valuable security, Using forged document as genuine)

Complainant: Deepa Nair
Accused: Divya Menon

Criminal Complaint:
The accused Divya Menon has forged educational certificates pretending to be me/act on my behalf. Using these forged documents, the accused fraudulently transferred property/funds.

The signature on the documents is not mine - this can be verified through handwriting analysis. The accused took advantage of my absence from the country to commit this fraud.

This is a case of criminal forgery and fraud. The accused should be arrested and the fraudulent transactions reversed.",1
"FIR - DOMESTIC VIOLENCE

Sections: 498A, 323, 506 IPC (Cruelty, Assault, Criminal Intimidation)
Protection of Women from Domestic Violence Act

Complainant: Kavita Gupta
Accused: Raj Sharma (Husband)

Complaint:
The complainant Kavita Gupta has been subjected to continuous physical and mental torture by husband Raj Sharma. The accused regularly beats the complainant, often under the influence of alcohol.

Injuries: Multiple bruises, burn marks on arms, psychological trauma

The accused demands additional dowry and threatens to kill if family doesn't pay. This has been ongoing for the past two years. The complainant fears for her life.

This is a criminal case of domestic violence and marital cruelty. Request arrest of accused and protection for complainant.",1
"PROPERTY OWNERSHIP DISPUTE

Parties involved: Sanjay Mehta vs Suresh Kumar

The dispute concerns ancestral property that was divided among family members. Sanjay Mehta claims that Suresh Kumar has occupied a portion of land that was allocated to the plaintiff in the family settlement deed.

Documents examined:
- Family settlement deed from 2010
- Property registration documents
- Revenue records

Opinion: This is a civil dispute regarding interpretation of family settlement. Recommend filing civil suit for partition and specific performance. No criminal elements involved.",0
"INVESTIGATION REPORT - ABDUCTION CASE

Case: Kidnapping of Amit Verma
Prime Accused: Michael Fernandes
Sections: 364, 368 IPC (Kidnapping, Wrongfully concealing abducted person)

Investigation Summary:
The victim Amit Verma was kidnapped from outside their residence. The accused Michael Fernandes was part of the kidnapping gang that held the victim captive for 5 days.

Ransom of ₹5,000,000 was demanded. Through technical surveillance, the hideout was located and the victim was rescued. The accused was arrested from the spot.

This is a criminal case of kidnapping and wrongful confinement. Charge sheet prepared for trial.",1
"CHARGE SHEET - ATTEMPT TO MURDER

Sections: 307, 324 IPC (Attempt to Murder, Voluntarily causing hurt by dangerous weapon)

Accused: Kiran Desai
Victim: Suresh Kumar

Facts:
The accused Kiran Desai made a deliberate attempt on the life of Suresh Kumar by attacking with a knife. The victim sustained life-threatening injuries and was hospitalized for weeks.

Evidence:
- Medical report confirming injuries could have been fatal
- Murder weapon recovered
- Eyewitness testimony
- Motive established (property dispute)

This constitutes attempted murder under Section 307 IPC. The accused acted with clear intention to kill. Trial in Sessions Court recommended.",1
"EMAIL CORRESPONDENCE - EVIDENCE

From: Meera Iyer
To: Divya Menon
Subject: Reminder: Loan Repayment Overdue

Hi Divya,
Hope you're well. I'm following up on the ₹75,000 loan. The due date has passed. Please let me know when I can expect the payment.

---
Reply from Divya Menon:
I know, I'm sorry. Things have been difficult financially. Can you give me more time?

---
This constitutes civil matter for recovery of debt. No criminal elements present.",0
"FIR - DOMESTIC VIOLENCE

Sections: 498A, 323, 506 IPC (Cruelty, Assault, Criminal Intimidation)
Protection of Women from Domestic Violence Act

Complainant: Deepa Nair
Accused: Divya Menon (Husband)

Complaint:
The complainant Deepa Nair has been subjected to continuous physical and mental torture by husband Divya Menon. The accused regularly beats the complainant, often under the influence of alcohol.

Injuries: Multiple bruises, burn marks on arms, psychological trauma

The accused demands additional dowry and threatens to kill if family doesn't pay. This has been ongoing for the past two years. The complainant fears for her life.

This is a criminal case of domestic violence and marital cruelty. Request arrest of accused and protection for complainant.",1
"FIR - CRIMINAL INTIMIDATION AND EXTORTION

Sections: 384, 506, 507 IPC (Extortion, Criminal Intimidation, Anonymous Threats)

Complainant: Anil Kapoor
Accused: Divya Menon

Complaint:
The accused Divya Menon has been threatening me and my family, demanding ₹1,000,000. The accused has sent threatening messages saying he will kill my children if I don't pay.

The accused is known to have criminal connections. I am under constant fear. The accused has also threatened to destroy my business if I approach the police.

Threat messages and call recordings are available as evidence. This is a criminal case of extortion and criminal intimidation. Request urgent action and protection for my family.",1
"INVESTIGATION REPORT - DOCUMENT FORGERY

Accused: Rahul Khanna
Victim: Anita Reddy
Sections: 467, 468, 471, 420 IPC

Investigation Findings:
The accused Rahul Khanna created forged bank documents/cheques to illegally transfer assets belonging to Anita Reddy. Forensic examination of documents confirms:

1. Signature is forged - expert opinion obtained
2. Documents printed on backdated stamp paper
3. Witnesses listed are fictitious

The accused has committed criminal forgery for financial gain. Evidence is conclusive. Recommend arrest and prosecution in criminal court.",1
"WRONGFUL TERMINATION CASE

Employee: Emily Brown
Employer: Digital Dreams Inc

The employee was terminated without following due process. No show-cause notice was issued. The termination letter cited ""performance issues"" but no performance improvement plan was ever discussed.

Outstanding Dues:
- Unpaid salary: ₹450,000
- Notice period pay: ₹150,000
- Earned leave encashment: ₹75,000

This is a civil matter for wrongful termination and recovery of dues. To be filed before the Labor Commissioner.",0
"CHARGE SHEET - DRUG TRAFFICKING

Accused: Raj Sharma
Sections: 21(c), 29 NDPS Act (Commercial quantity, Conspiracy)

Investigation established that the accused Raj Sharma was running a drug trafficking operation. 100 grams of MDMA was seized from the accused.

Evidence:
- Contraband recovered and sealed
- Chemical analysis report confirming substance
- Financial trail showing drug money
- Statements of buyers identifying accused

This is a criminal case involving commercial quantity narcotic substances. Recommend prosecution in Special NDPS Court.",1
"PROPERTY OWNERSHIP DISPUTE

Parties involved: Vikram Patel vs Suresh Kumar

The dispute concerns ancestral property that was divided among family members. Vikram Patel claims that Suresh Kumar has occupied a portion of land that was allocated to the plaintiff in the family settlement deed.

Documents examined:
- Family settlement deed from 2010
- Property registration documents
- Revenue records

Opinion: This is a civil dispute regarding interpretation of family settlement. Recommend filing civil suit for partition and specific performance. No criminal elements involved.",0
"FIR - MURDER CASE

Police Station: Crime Branch
FIR Number: 817/2025
Sections: 302, 201 IPC (Murder, Causing disappearance of evidence)

Deceased: Ritu Sharma
Accused: Priya Singh

Case Summary:
The body of Ritu Sharma was found at the outskirts of the city. Post-mortem report confirms death due to stab wounds and strangulation. The victim was last seen with the accused Priya Singh.

Investigation reveals the accused had ongoing disputes with the deceased over financial matters. Mobile records and witnesses place the accused at the crime scene.

This is a case of premeditated murder. The accused Priya Singh has been arrested. Charge sheet being prepared for trial in Sessions Court.",1
"LABOR DISPUTE - UNPAID WAGES

Petitioner: Vijay Saxena
Respondent: XYZ Solutions Inc

Claim Details:
The petitioner was employed with the respondent company as a senior professional. The monthly salary was ₹100,000. 

The respondent has failed to pay salary for the last 4 months amounting to ₹400,000. Additionally, the respondent has not deposited the PF contributions.

The petitioner was asked to resign without any dues being cleared. This constitutes a civil labor dispute for recovery of unpaid wages and statutory dues.

Relief Sought: Recovery of ₹400,000 as unpaid salary plus PF dues and interest.",0
"CRIMINAL INVESTIGATION - FINANCIAL FRAUD

Accused: Neha Agarwal
Victims: Anil Kapoor and others
Total Amount: ₹10,000,000+

Investigation established that the accused ran a fraudulent property sale with forged documents, collecting money from multiple victims with false promises. 

The accused used fake identity documents and opened bank accounts for laundering the defrauded money. This is a case of organized financial crime.

Sections: 420 (Cheating), 406 (Criminal breach of trust), 34 (Common intention) IPC

The accused is a habitual offender. Criminal prosecution recommended.",1
"CRIMINAL INVESTIGATION - FINANCIAL FRAUD

Accused: Raj Sharma
Victims: David Wilson and others
Total Amount: ₹2,500,000+

Investigation established that the accused ran a ponzi scheme disguised as trading platform, collecting money from multiple victims with false promises. 

The accused used fake identity documents and opened bank accounts for laundering the defrauded money. This is a case of organized financial crime.

Sections: 420 (Cheating), 406 (Criminal breach of trust), 34 (Common intention) IPC

The accused is a habitual offender. Criminal prosecution recommended.",1
"CRIMINAL EXTORTION CASE

Accused: Priya Singh
Victim: Sarah Thomas
Sections: 384, 385 IPC (Extortion, Attempt to Extort)

The accused Priya Singh has been running an extortion racket. Multiple victims including Sarah Thomas have been threatened and forced to pay money.

Evidence:
- Recorded threatening phone calls
- WhatsApp messages with death threats
- Bank transfers under duress
- Multiple victim statements

This is organized criminal extortion. The accused has prior criminal records. Recommend arrest and prosecution.",1
"FIR - THEFT/ROBBERY

Police Station: City Police Station
FIR Number: 268/2025
Sections: 379, 380 IPC (Theft, Theft in dwelling house)

Complainant: Suresh Kumar
Accused: Vijay Saxena (identified)

Incident:
On the night of the incident, unknown persons broke into my residence while I was away. Upon returning, I found the lock broken and the house ransacked.

Items Stolen:
laptop and mobile phones worth ₹1,50,000

During investigation, the accused Vijay Saxena was identified based on CCTV footage. This is a criminal case of theft/burglary. Request immediate action and recovery of stolen property.",1
"EMAIL CORRESPONDENCE - EVIDENCE

From: Neha Agarwal
To: Kiran Desai
Subject: Reminder: Loan Repayment Overdue

Hi Kiran,
Hope you're well. I'm following up on the ₹100,000 loan. The due date has passed. Please let me know when I can expect the payment.

---
Reply from Kiran Desai:
I know, I'm sorry. Things have been difficult financially. Can you give me more time?

---
This constitutes civil matter for recovery of debt. No criminal elements present.",0
"LAWYER NOTES - PROPERTY MATTER

Client: Sarah Thomas

Issue: Boundary dispute with neighbor Emily Brown. Client's property survey shows encroachment of approximately 100 sq. ft. by the defendant's new construction.

Evidence Available:
1. Original sale deed showing clear boundaries
2. Recent survey report by licensed surveyor
3. Photographs showing encroachment
4. Witness statements from other neighbors

Strategy: File civil suit for mandatory injunction. This is purely a civil matter - no criminal trespass as there's a genuine boundary dispute. Seek removal of encroachment plus compensation.",0
"EMAIL CORRESPONDENCE - EVIDENCE

From: Rohit Bhatia
To: Priya Singh
Subject: Reminder: Loan Repayment Overdue

Hi Priya,
Hope you're well. I'm following up on the ₹50,000 loan. The due date has passed. Please let me know when I can expect the payment.

---
Reply from Priya Singh:
I know, I'm sorry. Things have been difficult financially. Can you give me more time?

---
This constitutes civil matter for recovery of debt. No criminal elements present.",0
"FIR - CRIMINAL FRAUD AND CHEATING

Sections: 420, 406, 468, 471 IPC (Cheating, Criminal Breach of Trust, Forgery)

Complainant: Sarah Thomas
Accused: Vijay Saxena

Criminal Complaint:
The accused Vijay Saxena cheated me of ₹10,000,000 through a fake job placement agency collecting registration fees. The accused made false promises and representations to induce me to invest/pay money.

After receiving the money, the accused absconded. Upon investigation, I found that the entire scheme was fraudulent and the documents provided by the accused were forged.

This is a clear case of criminal fraud and cheating. The accused has deliberately deceived me with dishonest intention. Request registration of FIR and arrest of the accused.",1
"MATRIMONIAL DISPUTE - DIVORCE PETITION

Petitioner: Anita Reddy
Respondent: David Wilson

Type: Divorce Petition under Hindu Marriage Act

Facts:
The parties were married in 2019. Due to irreconcilable differences and temperamental incompatibility, the marriage has irretrievably broken down. The parties have been living separately for over two years.

There are disputes regarding:
1. Division of matrimonial property
2. Custody of minor child
3. Maintenance/alimony

This is a civil family matter. The petitioner seeks dissolution of marriage and fair settlement of matrimonial property. Mediation has been attempted but failed.",0
"CRIMINAL INVESTIGATION - FINANCIAL FRAUD

Accused: Amit Verma
Victims: Vikram Patel and others
Total Amount: ₹5,000,000+

Investigation established that the accused ran a fake job placement agency collecting registration fees, collecting money from multiple victims with false promises. 

The accused used fake identity documents and opened bank accounts for laundering the defrauded money. This is a case of organized financial crime.

Sections: 420 (Cheating), 406 (Criminal breach of trust), 34 (Common intention) IPC

The accused is a habitual offender. Criminal prosecution recommended.",1
"MATRIMONIAL DISPUTE - DIVORCE PETITION

Petitioner: Rekha Joshi
Respondent: Arjun Nath

Type: Divorce Petition under Hindu Marriage Act

Facts:
The parties were married in 2019. Due to irreconcilable differences and temperamental incompatibility, the marriage has irretrievably broken down. The parties have been living separately for over two years.

There are disputes regarding:
1. Division of matrimonial property
2. Custody of minor child
3. Maintenance/alimony

This is a civil family matter. The petitioner seeks dissolution of marriage and fair settlement of matrimonial property. Mediation has been attempted but failed.",0
"CIVIL SUIT FOR BREACH OF CONTRACT

Plaintiff: Rekha Joshi
Defendant: Kavita Gupta
Amount in Dispute: ₹100,000

Statement of Claim:
The plaintiff entered into a contract with the defendant for construction project on agreed terms. The total contract value was ₹100,000, of which the plaintiff has already paid 60% as advance.

The defendant has failed to complete the work as per the agreed specifications and timeline. Despite multiple reminders, the defendant has neither completed the work nor refunded the advance amount.

The plaintiff seeks recovery of ₹60,000 paid as advance, along with damages for mental harassment and legal costs.

This is a civil matter arising from breach of commercial contract.",0
"CIVIL SUIT - PROPERTY DISPUTE

Court: Chennai Metropolitan Magistrate Court
Case Type: Property/Land Dispute

Plaintiff: Swati Pillai
Defendant: Divya Menon

Facts of the Case:
The plaintiff owns a residential property at 456 Park Avenue, South Delhi. The defendant, who is the neighbor, has unlawfully constructed a boundary wall that encroaches approximately 3 feet onto the plaintiff's land.

Despite multiple requests for removal of the encroachment, the defendant has refused to comply. The plaintiff seeks a mandatory injunction directing the defendant to demolish the encroaching construction and restore the land.

Relief Sought: Mandatory injunction for removal of encroachment and damages for illegal possession.",0
"FIR - MURDER CASE

Police Station: Crime Branch
FIR Number: 600/2025
Sections: 302, 201 IPC (Murder, Causing disappearance of evidence)

Deceased: Ashok Bansal
Accused: Michael Fernandes

Case Summary:
The body of Ashok Bansal was found at the outskirts of the city. Post-mortem report confirms death due to stab wounds and strangulation. The victim was last seen with the accused Michael Fernandes.

Investigation reveals the accused had ongoing disputes with the deceased over financial matters. Mobile records and witnesses place the accused at the crime scene.

This is a case of premeditated murder. The accused Michael Fernandes has been arrested. Charge sheet being prepared for trial in Sessions Court.",1
"FIR - CRIMINAL FRAUD AND CHEATING

Sections: 420, 406, 468, 471 IPC (Cheating, Criminal Breach of Trust, Forgery)

Complainant: Suresh Kumar
Accused: Kiran Desai

Criminal Complaint:
The accused Kiran Desai cheated me of ₹500,000 through a fake job placement agency collecting registration fees. The accused made false promises and representations to induce me to invest/pay money.

After receiving the money, the accused absconded. Upon investigation, I found that the entire scheme was fraudulent and the documents provided by the accused were forged.

This is a clear case of criminal fraud and cheating. The accused has deliberately deceived me with dishonest intention. Request registration of FIR and arrest of the accused.",1
"CRIMINAL EXTORTION CASE

Accused: Emily Brown
Victim: Michael Fernandes
Sections: 384, 385 IPC (Extortion, Attempt to Extort)

The accused Emily Brown has been running an extortion racket. Multiple victims including Michael Fernandes have been threatened and forced to pay money.

Evidence:
- Recorded threatening phone calls
- WhatsApp messages with death threats
- Bank transfers under duress
- Multiple victim statements

This is organized criminal extortion. The accused has prior criminal records. Recommend arrest and prosecution.",1
"EMAIL CORRESPONDENCE - EVIDENCE

From: Manoj Tiwari
To: Neha Agarwal
Subject: Reminder: Loan Repayment Overdue

Hi Neha,
Hope you're well. I'm following up on the ₹50,000 loan. The due date has passed. Please let me know when I can expect the payment.

---
Reply from Neha Agarwal:
I know, I'm sorry. Things have been difficult financially. Can you give me more time?

---
This constitutes civil matter for recovery of debt. No criminal elements present.",0
"DEFICIENCY IN SERVICE - CONSUMER MATTER

Consumer: Divya Menon
Service Provider: Best Electronics Store
Amount Paid: ₹75,000

The consumer availed services from the opposite party but the services rendered were grossly deficient. The opposite party failed to meet the promised standards and specifications.

Multiple complaints were made but no satisfactory resolution was provided. This constitutes deficiency in service under consumer law.

This is a civil consumer dispute. Seeking refund and compensation through Consumer Forum.",0
"CIVIL SUIT FOR BREACH OF CONTRACT

Plaintiff: Kiran Desai
Defendant: Arjun Nath
Amount in Dispute: ₹1,000,000

Statement of Claim:
The plaintiff entered into a contract with the defendant for home renovation on agreed terms. The total contract value was ₹1,000,000, of which the plaintiff has already paid 60% as advance.

The defendant has failed to complete the work as per the agreed specifications and timeline. Despite multiple reminders, the defendant has neither completed the work nor refunded the advance amount.

The plaintiff seeks recovery of ₹600,000 paid as advance, along with damages for mental harassment and legal costs.

This is a civil matter arising from breach of commercial contract.",0
"CRIMINAL EXTORTION CASE

Accused: Anita Reddy
Victim: Swati Pillai
Sections: 384, 385 IPC (Extortion, Attempt to Extort)

The accused Anita Reddy has been running an extortion racket. Multiple victims including Swati Pillai have been threatened and forced to pay money.

Evidence:
- Recorded threatening phone calls
- WhatsApp messages with death threats
- Bank transfers under duress
- Multiple victim statements

This is organized criminal extortion. The accused has prior criminal records. Recommend arrest and prosecution.",1
"FIR - THEFT/ROBBERY

Police Station: City Police Station
FIR Number: 858/2025
Sections: 379, 380 IPC (Theft, Theft in dwelling house)

Complainant: Arjun Nath
Accused: Sarah Thomas (identified)

Incident:
On the night of the incident, unknown persons broke into my residence while I was away. Upon returning, I found the lock broken and the house ransacked.

Items Stolen:
cash amounting to ₹2,00,000

During investigation, the accused Sarah Thomas was identified based on CCTV footage. This is a criminal case of theft/burglary. Request immediate action and recovery of stolen property.",1
"CYBER CRIME COMPLAINT - ONLINE FRAUD

Sections: 420 IPC, Section 66D IT Act

Victim: Vikram Patel
Accused/Suspect: Amit Verma
Amount Defrauded: ₹5,000,000

Details of Cyber Fraud:
The accused operated a ponzi scheme disguised as trading platform. The victim was contacted through social media and convinced to transfer money with promises of high returns.

Multiple transactions were made to the accused's bank account. After collecting ₹5,000,000, the accused blocked all communication and disappeared.

Evidence: Bank statements, WhatsApp chats, Email correspondence

This is a criminal case of cyber fraud under IPC and IT Act. Request urgent action.",1
"LAWYER NOTES - CONFIDENTIAL

Client: Deepa Nair (Plaintiff)
Matter: Recovery of ₹200,000 from Rahul Khanna

Case Strategy:
Primary evidence is the signed promissory note. Very strong documentation.
The witness is reliable and willing to testify about the loan agreement.
Email chain shows Rahul Khanna acknowledging the debt and failure to pay.
Our primary argument is a straightforward breach of contract.

Client Position: Firm on recovering the full amount. Not interested in settlement for a lesser sum at this stage. Feels betrayed as it was a personal loan to a friend.",0
"CIVIL SUIT - PROPERTY DISPUTE

Court: Saket District Court, New Delhi
Case Type: Property/Land Dispute

Plaintiff: John D'Souza
Defendant: Amit Verma

Facts of the Case:
The plaintiff owns a residential property at 123 Main Street, Central Delhi. The defendant, who is the neighbor, has unlawfully constructed a boundary wall that encroaches approximately 3 feet onto the plaintiff's land.

Despite multiple requests for removal of the encroachment, the defendant has refused to comply. The plaintiff seeks a mandatory injunction directing the defendant to demolish the encroaching construction and restore the land.

Relief Sought: Mandatory injunction for removal of encroachment and damages for illegal possession.",0
"FIR - NDPS ACT VIOLATION

Sections: 21, 22, 29 NDPS Act (Possession, Sale, Conspiracy)

Accused: Rahul Khanna
Substance: heroin
Quantity: 100 grams

Case Details:
Acting on intelligence input, a raid was conducted at the residence of the accused Rahul Khanna. During search, 100 grams of heroin was recovered along with packaging material and weighing scales.

The accused was caught red-handed in possession of commercial quantity of contraband. Mobile records reveal the accused was involved in drug distribution network.

This is a serious criminal offense under the NDPS Act. The accused has been arrested and produced before the Special Court.",1
"CONSUMER COMPLAINT

Complainant: Divya Menon
Opposite Party: Quality Home Appliances
Product: air conditioner
Amount: ₹25,000

Complaint:
The complainant purchased a air conditioner from the opposite party for ₹25,000. Within weeks of purchase, the product developed a major defect. Despite multiple complaints, neither repair nor replacement was provided.

The opposite party's service center has been unresponsive. The warranty claim was rejected citing frivolous reasons.

This is a consumer dispute under the Consumer Protection Act. The complainant seeks replacement of the defective product, compensation for mental agony, and litigation costs.

Prayer: Replacement/refund of ₹25,000 plus ₹50,000 as compensation.",0
"CHARGE SHEET - DRUG TRAFFICKING

Accused: John D'Souza
Sections: 21(c), 29 NDPS Act (Commercial quantity, Conspiracy)

Investigation established that the accused John D'Souza was running a drug trafficking operation. 100 grams of cocaine was seized from the accused.

Evidence:
- Contraband recovered and sealed
- Chemical analysis report confirming substance
- Financial trail showing drug money
- Statements of buyers identifying accused

This is a criminal case involving commercial quantity narcotic substances. Recommend prosecution in Special NDPS Court.",1
"DEFICIENCY IN SERVICE - CONSUMER MATTER

Consumer: Divya Menon
Service Provider: Prime Furniture House
Amount Paid: ₹25,000

The consumer availed services from the opposite party but the services rendered were grossly deficient. The opposite party failed to meet the promised standards and specifications.

Multiple complaints were made but no satisfactory resolution was provided. This constitutes deficiency in service under consumer law.

This is a civil consumer dispute. Seeking refund and compensation through Consumer Forum.",0
"CRIMINAL EXTORTION CASE

Accused: Raj Sharma
Victim: Kavita Gupta
Sections: 384, 385 IPC (Extortion, Attempt to Extort)

The accused Raj Sharma has been running an extortion racket. Multiple victims including Kavita Gupta have been threatened and forced to pay money.

Evidence:
- Recorded threatening phone calls
- WhatsApp messages with death threats
- Bank transfers under duress
- Multiple victim statements

This is organized criminal extortion. The accused has prior criminal records. Recommend arrest and prosecution.",1
"POSH COMMITTEE TO POLICE COMPLAINT

Complaint Transfer: Internal Committee to Police Station
Sections: 354A IPC (Sexual Harassment)

Accused Employee: Priya Singh
Victim: Rekha Joshi

The Internal Complaints Committee (ICC) investigated allegations of sexual harassment at office premises. The Committee found prima facie case of severe sexual harassment warranting criminal action.

Evidence examined:
- Email and message evidence
- Testimony of complainant and witnesses
- CCTV footage

This criminal matter is being forwarded to police for FIR registration and prosecution under appropriate IPC sections.",1
"FIR - NDPS ACT VIOLATION

Sections: 21, 22, 29 NDPS Act (Possession, Sale, Conspiracy)

Accused: Anil Kapoor
Substance: methamphetamine
Quantity: 10 kilograms

Case Details:
Acting on intelligence input, a raid was conducted at the residence of the accused Anil Kapoor. During search, 10 kilograms of methamphetamine was recovered along with packaging material and weighing scales.

The accused was caught red-handed in possession of commercial quantity of contraband. Mobile records reveal the accused was involved in drug distribution network.

This is a serious criminal offense under the NDPS Act. The accused has been arrested and produced before the Special Court.",1
"CIVIL SUIT - PROPERTY DISPUTE

Court: Bangalore City Civil Court
Case Type: Property/Land Dispute

Plaintiff: Kiran Desai
Defendant: Michael Fernandes

Facts of the Case:
The plaintiff owns a residential property at 456 Park Avenue, South Delhi. The defendant, who is the neighbor, has unlawfully constructed a boundary wall that encroaches approximately 3 feet onto the plaintiff's land.

Despite multiple requests for removal of the encroachment, the defendant has refused to comply. The plaintiff seeks a mandatory injunction directing the defendant to demolish the encroaching construction and restore the land.

Relief Sought: Mandatory injunction for removal of encroachment and damages for illegal possession.",0
"FIR - DOMESTIC VIOLENCE

Sections: 498A, 323, 506 IPC (Cruelty, Assault, Criminal Intimidation)
Protection of Women from Domestic Violence Act

Complainant: Rekha Joshi
Accused: Ritu Sharma (Husband)

Complaint:
The complainant Rekha Joshi has been subjected to continuous physical and mental torture by husband Ritu Sharma. The accused regularly beats the complainant, often under the influence of alcohol.

Injuries: Multiple bruises, burn marks on arms, psychological trauma

The accused demands additional dowry and threatens to kill if family doesn't pay. This has been ongoing for the past two years. The complainant fears for her life.

This is a criminal case of domestic violence and marital cruelty. Request arrest of accused and protection for complainant.",1
"CIVIL SUIT FOR BREACH OF CONTRACT

Plaintiff: Arjun Nath
Defendant: Suresh Kumar
Amount in Dispute: ₹100,000

Statement of Claim:
The plaintiff entered into a contract with the defendant for interior design work on agreed terms. The total contract value was ₹100,000, of which the plaintiff has already paid 60% as advance.

The defendant has failed to complete the work as per the agreed specifications and timeline. Despite multiple reminders, the defendant has neither completed the work nor refunded the advance amount.

The plaintiff seeks recovery of ₹60,000 paid as advance, along with damages for mental harassment and legal costs.

This is a civil matter arising from breach of commercial contract.",0
"FIR - DOMESTIC VIOLENCE

Sections: 498A, 323, 506 IPC (Cruelty, Assault, Criminal Intimidation)
Protection of Women from Domestic Violence Act

Complainant: Kavita Gupta
Accused: Suresh Kumar (Husband)

Complaint:
The complainant Kavita Gupta has been subjected to continuous physical and mental torture by husband Suresh Kumar. The accused regularly beats the complainant, often under the influence of alcohol.

Injuries: Multiple bruises, burn marks on arms, psychological trauma

The accused demands additional dowry and threatens to kill if family doesn't pay. This has been ongoing for the past two years. The complainant fears for her life.

This is a criminal case of domestic violence and marital cruelty. Request arrest of accused and protection for complainant.",1
"FIR - DOMESTIC VIOLENCE

Sections: 498A, 323, 506 IPC (Cruelty, Assault, Criminal Intimidation)
Protection of Women from Domestic Violence Act

Complainant: Divya Menon
Accused: Rekha Joshi (Husband)

Complaint:
The complainant Divya Menon has been subjected to continuous physical and mental torture by husband Rekha Joshi. The accused regularly beats the complainant, often under the influence of alcohol.

Injuries: Multiple bruises, burn marks on arms, psychological trauma

The accused demands additional dowry and threatens to kill if family doesn't pay. This has been ongoing for the past two years. The complainant fears for her life.

This is a criminal case of domestic violence and marital cruelty. Request arrest of accused and protection for complainant.",1
"CRIMINAL EXTORTION CASE

Accused: Raj Sharma
Victim: Priya Singh
Sections: 384, 385 IPC (Extortion, Attempt to Extort)

The accused Raj Sharma has been running an extortion racket. Multiple victims including Priya Singh have been threatened and forced to pay money.

Evidence:
- Recorded threatening phone calls
- WhatsApp messages with death threats
- Bank transfers under duress
- Multiple victim statements

This is organized criminal extortion. The accused has prior criminal records. Recommend arrest and prosecution.",1
"CIVIL SUIT FOR BREACH OF CONTRACT

Plaintiff: Pooja Malhotra
Defendant: Rahul Khanna
Amount in Dispute: ₹500,000

Statement of Claim:
The plaintiff entered into a contract with the defendant for home renovation on agreed terms. The total contract value was ₹500,000, of which the plaintiff has already paid 60% as advance.

The defendant has failed to complete the work as per the agreed specifications and timeline. Despite multiple reminders, the defendant has neither completed the work nor refunded the advance amount.

The plaintiff seeks recovery of ₹300,000 paid as advance, along with damages for mental harassment and legal costs.

This is a civil matter arising from breach of commercial contract.",0
"CHARGE SHEET - ATTEMPT TO MURDER

Sections: 307, 324 IPC (Attempt to Murder, Voluntarily causing hurt by dangerous weapon)

Accused: Meera Iyer
Victim: Ashok Bansal

Facts:
The accused Meera Iyer made a deliberate attempt on the life of Ashok Bansal by attacking with a knife. The victim sustained life-threatening injuries and was hospitalized for weeks.

Evidence:
- Medical report confirming injuries could have been fatal
- Murder weapon recovered
- Eyewitness testimony
- Motive established (property dispute)

This constitutes attempted murder under Section 307 IPC. The accused acted with clear intention to kill. Trial in Sessions Court recommended.",1
"CYBER CRIME COMPLAINT - ONLINE FRAUD

Sections: 420 IPC, Section 66D IT Act

Victim: Suresh Kumar
Accused/Suspect: Rekha Joshi
Amount Defrauded: ₹5,000,000

Details of Cyber Fraud:
The accused operated a fraudulent loan approval scheme. The victim was contacted through social media and convinced to transfer money with promises of high returns.

Multiple transactions were made to the accused's bank account. After collecting ₹5,000,000, the accused blocked all communication and disappeared.

Evidence: Bank statements, WhatsApp chats, Email correspondence

This is a criminal case of cyber fraud under IPC and IT Act. Request urgent action.",1
"FIR - CRIMINAL INTIMIDATION AND EXTORTION

Sections: 384, 506, 507 IPC (Extortion, Criminal Intimidation, Anonymous Threats)

Complainant: Emily Brown
Accused: Amit Verma

Complaint:
The accused Amit Verma has been threatening me and my family, demanding ₹500,000. The accused has sent threatening messages saying he will kill my children if I don't pay.

The accused is known to have criminal connections. I am under constant fear. The accused has also threatened to destroy my business if I approach the police.

Threat messages and call recordings are available as evidence. This is a criminal case of extortion and criminal intimidation. Request urgent action and protection for my family.",1
"DEMAND NOTICE - BREACH OF CONTRACT

To: Anita Reddy

Subject: Legal Notice for Recovery of ₹500,000

This notice is being sent on behalf of my client Arjun Nath.

My client had engaged your services for wedding photography. A written contract was executed and advance payment of ₹300,000 was made.

You have failed to deliver the services as agreed. My client demands:
1. Immediate refund of advance payment
2. Compensation for losses suffered

If we do not receive satisfactory response within 15 days, we shall be constrained to initiate civil proceedings against you. This is a civil dispute - treat this notice seriously.",0
"FIR - KIDNAPPING FOR RANSOM

Sections: 364A, 365 IPC (Kidnapping for ransom, Abduction)

Complainant: Family of Ritu Sharma
Accused: Swati Pillai and unknown others
Victim: Ritu Sharma

Complaint:
Ritu Sharma was abducted by armed men while returning home from office. The family received a ransom call demanding ₹1,000,000 for the victim's release.

The callers threatened to kill Ritu Sharma if police is informed. The voice in the ransom call was identified as that of Swati Pillai, who had previous enmity with the victim's family.

This is a serious criminal case of kidnapping for ransom. Request immediate action to rescue the victim and arrest the perpetrators.",1
"DEMAND NOTICE - BREACH OF CONTRACT

To: Manoj Tiwari

Subject: Legal Notice for Recovery of ₹1,000,000

This notice is being sent on behalf of my client Vikram Patel.

My client had engaged your services for catering services. A written contract was executed and advance payment of ₹600,000 was made.

You have failed to deliver the services as agreed. My client demands:
1. Immediate refund of advance payment
2. Compensation for losses suffered

If we do not receive satisfactory response within 15 days, we shall be constrained to initiate civil proceedings against you. This is a civil dispute - treat this notice seriously.",0
"MATRIMONIAL DISPUTE - DIVORCE PETITION

Petitioner: Priya Singh
Respondent: Vikram Patel

Type: Divorce Petition under Hindu Marriage Act

Facts:
The parties were married in 2019. Due to irreconcilable differences and temperamental incompatibility, the marriage has irretrievably broken down. The parties have been living separately for over two years.

There are disputes regarding:
1. Division of matrimonial property
2. Custody of minor child
3. Maintenance/alimony

This is a civil family matter. The petitioner seeks dissolution of marriage and fair settlement of matrimonial property. Mediation has been attempted but failed.",0
"FAMILY COURT MATTER - MAINTENANCE

Applicant: Rekha Joshi
Respondent: John D'Souza

Application for interim maintenance under Section 125 CrPC.

The applicant and respondent are legally married. The respondent has deserted the applicant and is not providing any financial support. The applicant has no independent source of income.

Prayer: Monthly maintenance of ₹50,000 pending divorce proceedings.

Note: This is a civil matrimonial dispute regarding maintenance and not a criminal matter.",0
"LAWYER NOTES - PROPERTY MATTER

Client: Sanjay Mehta

Issue: Boundary dispute with neighbor Ashok Bansal. Client's property survey shows encroachment of approximately 100 sq. ft. by the defendant's new construction.

Evidence Available:
1. Original sale deed showing clear boundaries
2. Recent survey report by licensed surveyor
3. Photographs showing encroachment
4. Witness statements from other neighbors

Strategy: File civil suit for mandatory injunction. This is purely a civil matter - no criminal trespass as there's a genuine boundary dispute. Seek removal of encroachment plus compensation.",0
"FIR - FORGERY AND FRAUD

Sections: 465, 467, 468, 471 IPC (Forgery, Forgery of valuable security, Using forged document as genuine)

Complainant: Vikram Patel
Accused: Michael Fernandes

Criminal Complaint:
The accused Michael Fernandes has forged bank documents/cheques pretending to be me/act on my behalf. Using these forged documents, the accused fraudulently transferred property/funds.

The signature on the documents is not mine - this can be verified through handwriting analysis. The accused took advantage of my absence from the country to commit this fraud.

This is a case of criminal forgery and fraud. The accused should be arrested and the fraudulent transactions reversed.",1
"LAWYER NOTES - PROPERTY MATTER

Client: Sanjay Mehta

Issue: Boundary dispute with neighbor Manoj Tiwari. Client's property survey shows encroachment of approximately 100 sq. ft. by the defendant's new construction.

Evidence Available:
1. Original sale deed showing clear boundaries
2. Recent survey report by licensed surveyor
3. Photographs showing encroachment
4. Witness statements from other neighbors

Strategy: File civil suit for mandatory injunction. This is purely a civil matter - no criminal trespass as there's a genuine boundary dispute. Seek removal of encroachment plus compensation.",0
"DEMAND NOTICE - BREACH OF CONTRACT

To: Sunita Rao

Subject: Legal Notice for Recovery of ₹750,000

This notice is being sent on behalf of my client Meera Iyer.

My client had engaged your services for wedding photography. A written contract was executed and advance payment of ₹450,000 was made.

You have failed to deliver the services as agreed. My client demands:
1. Immediate refund of advance payment
2. Compensation for losses suffered

If we do not receive satisfactory response within 15 days, we shall be constrained to initiate civil proceedings against you. This is a civil dispute - treat this notice seriously.",0
"LAWYER NOTES - CONFIDENTIAL

Client: Sunita Rao (Plaintiff)
Matter: Recovery of ₹50,000 from Manoj Tiwari

Case Strategy:
Primary evidence is the signed promissory note. Very strong documentation.
The witness is reliable and willing to testify about the loan agreement.
Email chain shows Manoj Tiwari acknowledging the debt and failure to pay.
Our primary argument is a straightforward breach of contract.

Client Position: Firm on recovering the full amount. Not interested in settlement for a lesser sum at this stage. Feels betrayed as it was a personal loan to a friend.",0
"WRONGFUL TERMINATION CASE

Employee: Suresh Kumar
Employer: XYZ Solutions Inc

The employee was terminated without following due process. No show-cause notice was issued. The termination letter cited ""performance issues"" but no performance improvement plan was ever discussed.

Outstanding Dues:
- Unpaid salary: ₹500,000
- Notice period pay: ₹125,000
- Earned leave encashment: ₹62,500

This is a civil matter for wrongful termination and recovery of dues. To be filed before the Labor Commissioner.",0
"CONSUMER COMPLAINT

Complainant: Sanjay Mehta
Opposite Party: Super Gadgets Ltd
Product: washing machine
Amount: ₹500,000

Complaint:
The complainant purchased a washing machine from the opposite party for ₹500,000. Within weeks of purchase, the product developed a major defect. Despite multiple complaints, neither repair nor replacement was provided.

The opposite party's service center has been unresponsive. The warranty claim was rejected citing frivolous reasons.

This is a consumer dispute under the Consumer Protection Act. The complainant seeks replacement of the defective product, compensation for mental agony, and litigation costs.

Prayer: Replacement/refund of ₹500,000 plus ₹50,000 as compensation.",0
"INVESTIGATION REPORT - ROBBERY CASE

Case: Robbery at residence of John D'Souza
Accused: Pooja Malhotra
Sections: 392, 397 IPC (Robbery, Dacoity with attempt to cause death)

Investigation Findings:
The accused Pooja Malhotra along with two others broke into the victim's house while the family was asleep. They threatened the family members with weapons and robbed cash amounting to ₹2,00,000.

Evidence:
- Victim's statement recorded
- Stolen items recovered from accused's possession
- Weapons recovered
- Confession statement of accused

This is a criminal case of robbery. The accused has been arrested. Charge sheet being filed for trial.",1
"LAWYER NOTES - PROPERTY MATTER

Client: Ashok Bansal

Issue: Boundary dispute with neighbor Pooja Malhotra. Client's property survey shows encroachment of approximately 100 sq. ft. by the defendant's new construction.

Evidence Available:
1. Original sale deed showing clear boundaries
2. Recent survey report by licensed surveyor
3. Photographs showing encroachment
4. Witness statements from other neighbors

Strategy: File civil suit for mandatory injunction. This is purely a civil matter - no criminal trespass as there's a genuine boundary dispute. Seek removal of encroachment plus compensation.",0
"POSH COMMITTEE TO POLICE COMPLAINT

Complaint Transfer: Internal Committee to Police Station
Sections: 354A IPC (Sexual Harassment)

Accused Employee: Arjun Nath
Victim: Rekha Joshi

The Internal Complaints Committee (ICC) investigated allegations of sexual harassment at workplace. The Committee found prima facie case of severe sexual harassment warranting criminal action.

Evidence examined:
- Email and message evidence
- Testimony of complainant and witnesses
- CCTV footage

This criminal matter is being forwarded to police for FIR registration and prosecution under appropriate IPC sections.",1
"DEFICIENCY IN SERVICE - CONSUMER MATTER

Consumer: John D'Souza
Service Provider: City Medical Center
Amount Paid: ₹25,000

The consumer availed services from the opposite party but the services rendered were grossly deficient. The opposite party failed to meet the promised standards and specifications.

Multiple complaints were made but no satisfactory resolution was provided. This constitutes deficiency in service under consumer law.

This is a civil consumer dispute. Seeking refund and compensation through Consumer Forum.",0
"EMAIL CORRESPONDENCE - EVIDENCE

From: Manoj Tiwari
To: Emily Brown
Subject: Reminder: Loan Repayment Overdue

Hi Emily,
Hope you're well. I'm following up on the ₹75,000 loan. The due date has passed. Please let me know when I can expect the payment.

---
Reply from Emily Brown:
I know, I'm sorry. Things have been difficult financially. Can you give me more time?

---
This constitutes civil matter for recovery of debt. No criminal elements present.",0
"CONSUMER COMPLAINT

Complainant: Rekha Joshi
Opposite Party: Super Gadgets Ltd
Product: mobile phone
Amount: ₹150,000

Complaint:
The complainant purchased a mobile phone from the opposite party for ₹150,000. Within weeks of purchase, the product developed a major defect. Despite multiple complaints, neither repair nor replacement was provided.

The opposite party's service center has been unresponsive. The warranty claim was rejected citing frivolous reasons.

This is a consumer dispute under the Consumer Protection Act. The complainant seeks replacement of the defective product, compensation for mental agony, and litigation costs.

Prayer: Replacement/refund of ₹150,000 plus ₹50,000 as compensation.",0
"CHARGE SHEET - DRUG TRAFFICKING

Accused: Rohit Bhatia
Sections: 21(c), 29 NDPS Act (Commercial quantity, Conspiracy)

Investigation established that the accused Rohit Bhatia was running a drug trafficking operation. 2 kilograms of cannabis/ganja was seized from the accused.

Evidence:
- Contraband recovered and sealed
- Chemical analysis report confirming substance
- Financial trail showing drug money
- Statements of buyers identifying accused

This is a criminal case involving commercial quantity narcotic substances. Recommend prosecution in Special NDPS Court.",1
"FAMILY COURT MATTER - MAINTENANCE

Applicant: Emily Brown
Respondent: Amit Verma

Application for interim maintenance under Section 125 CrPC.

The applicant and respondent are legally married. The respondent has deserted the applicant and is not providing any financial support. The applicant has no independent source of income.

Prayer: Monthly maintenance of ₹50,000 pending divorce proceedings.

Note: This is a civil matrimonial dispute regarding maintenance and not a criminal matter.",0
"FIR - SEXUAL HARASSMENT

Sections: 354, 354A, 509 IPC (Assault/Criminal force with intent to outrage modesty, Sexual Harassment)

Complainant: Swati Pillai
Accused: Kavita Gupta
Location: office premises

Complaint:
The accused Kavita Gupta has been sexually harassing me at office premises. The harassment includes inappropriate touching, obscene remarks, and unwanted advances.

Despite clear rejection, the accused continued the harassment. The accused also threatened consequences if I reported the matter.

Statement of a witness has been recorded. This is a criminal case of sexual harassment under IPC. Request arrest of accused and appropriate protection measures.",1
"FAMILY COURT MATTER - MAINTENANCE

Applicant: Pooja Malhotra
Respondent: Raj Sharma

Application for interim maintenance under Section 125 CrPC.

The applicant and respondent are legally married. The respondent has deserted the applicant and is not providing any financial support. The applicant has no independent source of income.

Prayer: Monthly maintenance of ₹50,000 pending divorce proceedings.

Note: This is a civil matrimonial dispute regarding maintenance and not a criminal matter.",0
"MATRIMONIAL DISPUTE - DIVORCE PETITION

Petitioner: Ritu Sharma
Respondent: Anil Kapoor

Type: Divorce Petition under Hindu Marriage Act

Facts:
The parties were married in 2019. Due to irreconcilable differences and temperamental incompatibility, the marriage has irretrievably broken down. The parties have been living separately for over two years.

There are disputes regarding:
1. Division of matrimonial property
2. Custody of minor child
3. Maintenance/alimony

This is a civil family matter. The petitioner seeks dissolution of marriage and fair settlement of matrimonial property. Mediation has been attempted but failed.",0
"FIR - MURDER CASE

Police Station: Crime Branch
FIR Number: 973/2025
Sections: 302, 201 IPC (Murder, Causing disappearance of evidence)

Deceased: Anita Reddy
Accused: Kavita Gupta

Case Summary:
The body of Anita Reddy was found at the outskirts of the city. Post-mortem report confirms death due to stab wounds and strangulation. The victim was last seen with the accused Kavita Gupta.

Investigation reveals the accused had ongoing disputes with the deceased over financial matters. Mobile records and witnesses place the accused at the crime scene.

This is a case of premeditated murder. The accused Kavita Gupta has been arrested. Charge sheet being prepared for trial in Sessions Court.",1
"DEFICIENCY IN SERVICE - CONSUMER MATTER

Consumer: Ashok Bansal
Service Provider: Metro Auto Dealers
Amount Paid: ₹75,000

The consumer availed services from the opposite party but the services rendered were grossly deficient. The opposite party failed to meet the promised standards and specifications.

Multiple complaints were made but no satisfactory resolution was provided. This constitutes deficiency in service under consumer law.

This is a civil consumer dispute. Seeking refund and compensation through Consumer Forum.",0
"MATRIMONIAL DISPUTE - DIVORCE PETITION

Petitioner: Meera Iyer
Respondent: Manoj Tiwari

Type: Divorce Petition under Hindu Marriage Act

Facts:
The parties were married in 2019. Due to irreconcilable differences and temperamental incompatibility, the marriage has irretrievably broken down. The parties have been living separately for over two years.

There are disputes regarding:
1. Division of matrimonial property
2. Custody of minor child
3. Maintenance/alimony

This is a civil family matter. The petitioner seeks dissolution of marriage and fair settlement of matrimonial property. Mediation has been attempted but failed.",0
"INVESTIGATION REPORT - DOCUMENT FORGERY

Accused: Rekha Joshi
Victim: Vikram Patel
Sections: 467, 468, 471, 420 IPC

Investigation Findings:
The accused Rekha Joshi created forged educational certificates to illegally transfer assets belonging to Vikram Patel. Forensic examination of documents confirms:

1. Signature is forged - expert opinion obtained
2. Documents printed on backdated stamp paper
3. Witnesses listed are fictitious

The accused has committed criminal forgery for financial gain. Evidence is conclusive. Recommend arrest and prosecution in criminal court.",1
"LAWYER NOTES - PROPERTY MATTER

Client: Emily Brown

Issue: Boundary dispute with neighbor Rahul Khanna. Client's property survey shows encroachment of approximately 100 sq. ft. by the defendant's new construction.

Evidence Available:
1. Original sale deed showing clear boundaries
2. Recent survey report by licensed surveyor
3. Photographs showing encroachment
4. Witness statements from other neighbors

Strategy: File civil suit for mandatory injunction. This is purely a civil matter - no criminal trespass as there's a genuine boundary dispute. Seek removal of encroachment plus compensation.",0
"LAWYER NOTES - PROPERTY MATTER

Client: Divya Menon

Issue: Boundary dispute with neighbor David Wilson. Client's property survey shows encroachment of approximately 100 sq. ft. by the defendant's new construction.

Evidence Available:
1. Original sale deed showing clear boundaries
2. Recent survey report by licensed surveyor
3. Photographs showing encroachment
4. Witness statements from other neighbors

Strategy: File civil suit for mandatory injunction. This is purely a civil matter - no criminal trespass as there's a genuine boundary dispute. Seek removal of encroachment plus compensation.",0
"CIVIL SUIT FOR BREACH OF CONTRACT

Plaintiff: Anita Reddy
Defendant: Rahul Khanna
Amount in Dispute: ₹100,000

Statement of Claim:
The plaintiff entered into a contract with the defendant for home renovation on agreed terms. The total contract value was ₹100,000, of which the plaintiff has already paid 60% as advance.

The defendant has failed to complete the work as per the agreed specifications and timeline. Despite multiple reminders, the defendant has neither completed the work nor refunded the advance amount.

The plaintiff seeks recovery of ₹60,000 paid as advance, along with damages for mental harassment and legal costs.

This is a civil matter arising from breach of commercial contract.",0
"PROMISSORY NOTE

Loan Amount: ₹200,000

FOR VALUE RECEIVED, the undersigned, John D'Souza (the ""Borrower""), promises to pay to the order of Rohit Bhatia (the ""Lender"") the principal sum of ₹200,000.

TERMS OF REPAYMENT: The full amount is to be repaid within six months from the date of this note. No interest shall be accrued if paid by the due date.

Signature of Borrower: John D'Souza

Note: The borrower has not repaid the amount despite multiple reminders. This matter is being taken to civil court for recovery.",0
"FIR - MURDER CASE

Police Station: Crime Branch
FIR Number: 874/2025
Sections: 302, 201 IPC (Murder, Causing disappearance of evidence)

Deceased: Raj Sharma
Accused: Arjun Nath

Case Summary:
The body of Raj Sharma was found at the outskirts of the city. Post-mortem report confirms death due to stab wounds and strangulation. The victim was last seen with the accused Arjun Nath.

Investigation reveals the accused had ongoing disputes with the deceased over financial matters. Mobile records and witnesses place the accused at the crime scene.

This is a case of premeditated murder. The accused Arjun Nath has been arrested. Charge sheet being prepared for trial in Sessions Court.",1
"FIR - THEFT/ROBBERY

Police Station: City Police Station
FIR Number: 154/2025
Sections: 379, 380 IPC (Theft, Theft in dwelling house)

Complainant: David Wilson
Accused: Vijay Saxena (identified)

Incident:
On the night of the incident, unknown persons broke into my residence while I was away. Upon returning, I found the lock broken and the house ransacked.

Items Stolen:
laptop and mobile phones worth ₹1,50,000

During investigation, the accused Vijay Saxena was identified based on CCTV footage. This is a criminal case of theft/burglary. Request immediate action and recovery of stolen property.",1
"CONSUMER COMPLAINT

Complainant: Neha Agarwal
Opposite Party: Quality Home Appliances
Product: laptop
Amount: ₹75,000

Complaint:
The complainant purchased a laptop from the opposite party for ₹75,000. Within weeks of purchase, the product developed a major defect. Despite multiple complaints, neither repair nor replacement was provided.

The opposite party's service center has been unresponsive. The warranty claim was rejected citing frivolous reasons.

This is a consumer dispute under the Consumer Protection Act. The complainant seeks replacement of the defective product, compensation for mental agony, and litigation costs.

Prayer: Replacement/refund of ₹75,000 plus ₹50,000 as compensation.",0
"PROPERTY OWNERSHIP DISPUTE

Parties involved: Meera Iyer vs Anil Kapoor

The dispute concerns ancestral property that was divided among family members. Meera Iyer claims that Anil Kapoor has occupied a portion of land that was allocated to the plaintiff in the family settlement deed.

Documents examined:
- Family settlement deed from 2010
- Property registration documents
- Revenue records

Opinion: This is a civil dispute regarding interpretation of family settlement. Recommend filing civil suit for partition and specific performance. No criminal elements involved.",0
"POSH COMMITTEE TO POLICE COMPLAINT

Complaint Transfer: Internal Committee to Police Station
Sections: 354A IPC (Sexual Harassment)

Accused Employee: Vijay Saxena
Victim: Deepa Nair

The Internal Complaints Committee (ICC) investigated allegations of sexual harassment at public transport. The Committee found prima facie case of severe sexual harassment warranting criminal action.

Evidence examined:
- Email and message evidence
- Testimony of complainant and witnesses
- CCTV footage

This criminal matter is being forwarded to police for FIR registration and prosecution under appropriate IPC sections.",1
"DEFICIENCY IN SERVICE - CONSUMER MATTER

Consumer: Amit Verma
Service Provider: Best Electronics Store
Amount Paid: ₹45,000

The consumer availed services from the opposite party but the services rendered were grossly deficient. The opposite party failed to meet the promised standards and specifications.

Multiple complaints were made but no satisfactory resolution was provided. This constitutes deficiency in service under consumer law.

This is a civil consumer dispute. Seeking refund and compensation through Consumer Forum.",0
"FIR - MURDER CASE

Police Station: Crime Branch
FIR Number: 461/2025
Sections: 302, 201 IPC (Murder, Causing disappearance of evidence)

Deceased: Ritu Sharma
Accused: Vikram Patel

Case Summary:
The body of Ritu Sharma was found at the outskirts of the city. Post-mortem report confirms death due to stab wounds and strangulation. The victim was last seen with the accused Vikram Patel.

Investigation reveals the accused had ongoing disputes with the deceased over financial matters. Mobile records and witnesses place the accused at the crime scene.

This is a case of premeditated murder. The accused Vikram Patel has been arrested. Charge sheet being prepared for trial in Sessions Court.",1
"CONSUMER COMPLAINT

Complainant: Kiran Desai
Opposite Party: Quality Home Appliances
Product: washing machine
Amount: ₹45,000

Complaint:
The complainant purchased a washing machine from the opposite party for ₹45,000. Within weeks of purchase, the product developed a major defect. Despite multiple complaints, neither repair nor replacement was provided.

The opposite party's service center has been unresponsive. The warranty claim was rejected citing frivolous reasons.

This is a consumer dispute under the Consumer Protection Act. The complainant seeks replacement of the defective product, compensation for mental agony, and litigation costs.

Prayer: Replacement/refund of ₹45,000 plus ₹50,000 as compensation.",0
"INVESTIGATION REPORT - ROBBERY CASE

Case: Robbery at residence of Anita Reddy
Accused: Rahul Khanna
Sections: 392, 397 IPC (Robbery, Dacoity with attempt to cause death)

Investigation Findings:
The accused Rahul Khanna along with two others broke into the victim's house while the family was asleep. They threatened the family members with weapons and robbed vehicle (car) worth ₹8,00,000.

Evidence:
- Victim's statement recorded
- Stolen items recovered from accused's possession
- Weapons recovered
- Confession statement of accused

This is a criminal case of robbery. The accused has been arrested. Charge sheet being filed for trial.",1
"CHARGE SHEET - ATTEMPT TO MURDER

Sections: 307, 324 IPC (Attempt to Murder, Voluntarily causing hurt by dangerous weapon)

Accused: Raj Sharma
Victim: Rekha Joshi

Facts:
The accused Raj Sharma made a deliberate attempt on the life of Rekha Joshi by attacking with a knife. The victim sustained life-threatening injuries and was hospitalized for weeks.

Evidence:
- Medical report confirming injuries could have been fatal
- Murder weapon recovered
- Eyewitness testimony
- Motive established (property dispute)

This constitutes attempted murder under Section 307 IPC. The accused acted with clear intention to kill. Trial in Sessions Court recommended.",1
"FAMILY COURT MATTER - MAINTENANCE

Applicant: Neha Agarwal
Respondent: Raj Sharma

Application for interim maintenance under Section 125 CrPC.

The applicant and respondent are legally married. The respondent has deserted the applicant and is not providing any financial support. The applicant has no independent source of income.

Prayer: Monthly maintenance of ₹50,000 pending divorce proceedings.

Note: This is a civil matrimonial dispute regarding maintenance and not a criminal matter.",0
"FIR - NDPS ACT VIOLATION

Sections: 21, 22, 29 NDPS Act (Possession, Sale, Conspiracy)

Accused: Kavita Gupta
Substance: cannabis/ganja
Quantity: 2 kilograms

Case Details:
Acting on intelligence input, a raid was conducted at the residence of the accused Kavita Gupta. During search, 2 kilograms of cannabis/ganja was recovered along with packaging material and weighing scales.

The accused was caught red-handed in possession of commercial quantity of contraband. Mobile records reveal the accused was involved in drug distribution network.

This is a serious criminal offense under the NDPS Act. The accused has been arrested and produced before the Special Court.",1
"CYBER CRIME COMPLAINT - ONLINE FRAUD

Sections: 420 IPC, Section 66D IT Act

Victim: Pooja Malhotra
Accused/Suspect: Sunita Rao
Amount Defrauded: ₹1,000,000

Details of Cyber Fraud:
The accused operated a fraudulent loan approval scheme. The victim was contacted through social media and convinced to transfer money with promises of high returns.

Multiple transactions were made to the accused's bank account. After collecting ₹1,000,000, the accused blocked all communication and disappeared.

Evidence: Bank statements, WhatsApp chats, Email correspondence

This is a criminal case of cyber fraud under IPC and IT Act. Request urgent action.",1
"FIR - SEXUAL HARASSMENT

Sections: 354, 354A, 509 IPC (Assault/Criminal force with intent to outrage modesty, Sexual Harassment)

Complainant: Rekha Joshi
Accused: Michael Fernandes
Location: office premises

Complaint:
The accused Michael Fernandes has been sexually harassing me at office premises. The harassment includes inappropriate touching, obscene remarks, and unwanted advances.

Despite clear rejection, the accused continued the harassment. The accused also threatened consequences if I reported the matter.

Statement of a witness has been recorded. This is a criminal case of sexual harassment under IPC. Request arrest of accused and appropriate protection measures.",1
"CIVIL SUIT FOR BREACH OF CONTRACT

Plaintiff: Sarah Thomas
Defendant: Michael Fernandes
Amount in Dispute: ₹750,000

Statement of Claim:
The plaintiff entered into a contract with the defendant for home renovation on agreed terms. The total contract value was ₹750,000, of which the plaintiff has already paid 60% as advance.

The defendant has failed to complete the work as per the agreed specifications and timeline. Despite multiple reminders, the defendant has neither completed the work nor refunded the advance amount.

The plaintiff seeks recovery of ₹450,000 paid as advance, along with damages for mental harassment and legal costs.

This is a civil matter arising from breach of commercial contract.",0
"WRONGFUL TERMINATION CASE

Employee: Divya Menon
Employer: Tech Innovations Corp

The employee was terminated without following due process. No show-cause notice was issued. The termination letter cited ""performance issues"" but no performance improvement plan was ever discussed.

Outstanding Dues:
- Unpaid salary: ₹450,000
- Notice period pay: ₹150,000
- Earned leave encashment: ₹75,000

This is a civil matter for wrongful termination and recovery of dues. To be filed before the Labor Commissioner.",0
"CRIMINAL COMPLAINT - ASSAULT

Complainant/Victim: Rekha Joshi
Accused Person: Ritu Sharma

Details of Crime:
The accused Ritu Sharma physically assaulted the complainant Rekha Joshi with a sharp weapon inflicting serious injuries. The attack was premeditated and the accused had been making threats for several weeks.

Injuries Sustained:
- Deep cut on the left arm requiring 15 stitches
- Bruises on face and chest
- Psychological trauma

This is a serious criminal offense of assault causing grievous bodily harm. Request immediate arrest of the accused and criminal prosecution.",1
"CIVIL SUIT FOR BREACH OF CONTRACT

Plaintiff: Ritu Sharma
Defendant: Sunita Rao
Amount in Dispute: ₹500,000

Statement of Claim:
The plaintiff entered into a contract with the defendant for interior design work on agreed terms. The total contract value was ₹500,000, of which the plaintiff has already paid 60% as advance.

The defendant has failed to complete the work as per the agreed specifications and timeline. Despite multiple reminders, the defendant has neither completed the work nor refunded the advance amount.

The plaintiff seeks recovery of ₹300,000 paid as advance, along with damages for mental harassment and legal costs.

This is a civil matter arising from breach of commercial contract.",0
"FIR - DOMESTIC VIOLENCE

Sections: 498A, 323, 506 IPC (Cruelty, Assault, Criminal Intimidation)
Protection of Women from Domestic Violence Act

Complainant: Deepa Nair
Accused: Sunita Rao (Husband)

Complaint:
The complainant Deepa Nair has been subjected to continuous physical and mental torture by husband Sunita Rao. The accused regularly beats the complainant, often under the influence of alcohol.

Injuries: Multiple bruises, burn marks on arms, psychological trauma

The accused demands additional dowry and threatens to kill if family doesn't pay. This has been ongoing for the past two years. The complainant fears for her life.

This is a criminal case of domestic violence and marital cruelty. Request arrest of accused and protection for complainant.",1
"INVESTIGATION REPORT - ABDUCTION CASE

Case: Kidnapping of Rohit Bhatia
Prime Accused: Meera Iyer
Sections: 364, 368 IPC (Kidnapping, Wrongfully concealing abducted person)

Investigation Summary:
The victim Rohit Bhatia was kidnapped from outside their residence. The accused Meera Iyer was part of the kidnapping gang that held the victim captive for 5 days.

Ransom of ₹1,000,000 was demanded. Through technical surveillance, the hideout was located and the victim was rescued. The accused was arrested from the spot.

This is a criminal case of kidnapping and wrongful confinement. Charge sheet prepared for trial.",1
"CRIMINAL COMPLAINT - ASSAULT

Complainant/Victim: Rekha Joshi
Accused Person: John D'Souza

Details of Crime:
The accused John D'Souza physically assaulted the complainant Rekha Joshi with a sharp weapon inflicting serious injuries. The attack was premeditated and the accused had been making threats for several weeks.

Injuries Sustained:
- Deep cut on the left arm requiring 15 stitches
- Bruises on face and chest
- Psychological trauma

This is a serious criminal offense of assault causing grievous bodily harm. Request immediate arrest of the accused and criminal prosecution.",1
"DEFICIENCY IN SERVICE - CONSUMER MATTER

Consumer: Rahul Khanna
Service Provider: Best Electronics Store
Amount Paid: ₹25,000

The consumer availed services from the opposite party but the services rendered were grossly deficient. The opposite party failed to meet the promised standards and specifications.

Multiple complaints were made but no satisfactory resolution was provided. This constitutes deficiency in service under consumer law.

This is a civil consumer dispute. Seeking refund and compensation through Consumer Forum.",0
"FIR - KIDNAPPING FOR RANSOM

Sections: 364A, 365 IPC (Kidnapping for ransom, Abduction)

Complainant: Family of Meera Iyer
Accused: Manoj Tiwari and unknown others
Victim: Meera Iyer

Complaint:
Meera Iyer was abducted by armed men while returning home from office. The family received a ransom call demanding ₹5,000,000 for the victim's release.

The callers threatened to kill Meera Iyer if police is informed. The voice in the ransom call was identified as that of Manoj Tiwari, who had previous enmity with the victim's family.

This is a serious criminal case of kidnapping for ransom. Request immediate action to rescue the victim and arrest the perpetrators.",1
"TENANT DISPUTE SUMMARY

Kiran Desai has been occupying the property owned by Manoj Tiwari and has failed to pay rent for 7 consecutive months, totaling ₹175,000.

The tenant also refuses to vacate the premises despite the lease agreement having expired. This constitutes a civil dispute regarding rental arrears and unlawful occupation.

Recommended action: File civil suit for eviction and recovery. No criminal element as this is a contractual tenancy matter.",0
"FIR - THEFT/ROBBERY

Police Station: City Police Station
FIR Number: 252/2025
Sections: 379, 380 IPC (Theft, Theft in dwelling house)

Complainant: Kavita Gupta
Accused: Swati Pillai (identified)

Incident:
On the night of the incident, unknown persons broke into my residence while I was away. Upon returning, I found the lock broken and the house ransacked.

Items Stolen:
diamond necklace worth ₹10,00,000

During investigation, the accused Swati Pillai was identified based on CCTV footage. This is a criminal case of theft/burglary. Request immediate action and recovery of stolen property.",1
"FIR - KIDNAPPING FOR RANSOM

Sections: 364A, 365 IPC (Kidnapping for ransom, Abduction)

Complainant: Family of Neha Agarwal
Accused: Ritu Sharma and unknown others
Victim: Neha Agarwal

Complaint:
Neha Agarwal was abducted by armed men while returning home from office. The family received a ransom call demanding ₹1,000,000 for the victim's release.

The callers threatened to kill Neha Agarwal if police is informed. The voice in the ransom call was identified as that of Ritu Sharma, who had previous enmity with the victim's family.

This is a serious criminal case of kidnapping for ransom. Request immediate action to rescue the victim and arrest the perpetrators.",1
"FIR - KIDNAPPING FOR RANSOM

Sections: 364A, 365 IPC (Kidnapping for ransom, Abduction)

Complainant: Family of Priya Singh
Accused: Vikram Patel and unknown others
Victim: Priya Singh

Complaint:
Priya Singh was abducted by armed men while returning home from office. The family received a ransom call demanding ₹2,500,000 for the victim's release.

The callers threatened to kill Priya Singh if police is informed. The voice in the ransom call was identified as that of Vikram Patel, who had previous enmity with the victim's family.

This is a serious criminal case of kidnapping for ransom. Request immediate action to rescue the victim and arrest the perpetrators.",1
"CIVIL SUIT - PROPERTY DISPUTE

Court: Karkardooma District Court, Delhi
Case Type: Property/Land Dispute

Plaintiff: Kavita Gupta
Defendant: Anita Reddy

Facts of the Case:
The plaintiff owns a residential property at 567 Hill Side, Saket. The defendant, who is the neighbor, has unlawfully constructed a boundary wall that encroaches approximately 3 feet onto the plaintiff's land.

Despite multiple requests for removal of the encroachment, the defendant has refused to comply. The plaintiff seeks a mandatory injunction directing the defendant to demolish the encroaching construction and restore the land.

Relief Sought: Mandatory injunction for removal of encroachment and damages for illegal possession.",0
"CRIMINAL CASE - HOUSE BREAKING AND THEFT

Victim: Arjun Nath
Accused: Vikram Patel

The accused Vikram Patel criminally trespassed into the locked house of the victim at night and committed theft of valuable items including diamond necklace worth ₹10,00,000.

This constitutes criminal offenses under IPC Sections 454 (House trespass), 457 (Lurking house-trespass by night), and 380 (Theft in dwelling house).

The accused has previous criminal history. Request stringent action. This is a serious criminal matter, not a civil dispute.",1
"CIVIL SUIT - EVICTION AND RENT RECOVERY

Plaintiff/Landlord: Anita Reddy
Defendant/Tenant: Emily Brown
Monthly Rent: ₹25,000
Outstanding Rent: ₹75,000 (3 months)

Statement of Facts:
The plaintiff is the owner of the residential premises. The defendant has been a tenant since 2023 at a monthly rent of ₹25,000. 

The defendant has defaulted on rent payments for the last 3 months. Multiple verbal and written reminders have been ignored. The defendant has also caused damage to the property.

Relief Sought:
1. Eviction of the defendant from the premises
2. Recovery of outstanding rent of ₹75,000
3. Compensation for property damage
4. Future rent until actual eviction

This is a civil landlord-tenant dispute under the Rent Control Act.",0
"CRIMINAL CASE - HOMICIDE

Case Type: Murder (Section 302 IPC)
Accused: Divya Menon
Victim/Deceased: Deepa Nair

The accused Divya Menon has been charged with the murder of Deepa Nair. Investigation reveals the accused poisoned the victim's food over several days, leading to death.

Forensic Evidence:
- Poison traces found in victim's body
- Purchase records linking accused to poison
- Life insurance policy naming accused as beneficiary

This is a case of planned criminal homicide for financial gain. The accused should be prosecuted for murder.",1
"DOMESTIC VIOLENCE CASE - INVESTIGATION REPORT

Victim: Emily Brown
Accused: David Wilson
Sections: 498A IPC, DV Act Sections 3, 12, 18

Investigation Findings:
Medical examination confirms multiple old and new injury marks on the victim consistent with physical abuse. Neighbors confirmed hearing sounds of beating from the house regularly.

The accused has been habitually cruel to the victim demanding dowry. Text messages threatening dire consequences recovered from accused's phone.

This is a criminal domestic violence case. Accused arrested. Protection order issued for victim. Criminal trial to proceed.",1
"CHARGE SHEET - CRIMINAL CASE

Accused: Meera Iyer
Victim: Sunita Rao
Sections: 325, 506 IPC (Grievous Hurt, Criminal Intimidation)

Investigation Summary:
Based on the FIR and investigation, it is established that the accused Meera Iyer brutally assaulted the victim Sunita Rao with an iron rod, causing multiple fractures.

Evidence Collected:
1. Medical report confirming grievous injuries
2. Weapon recovered (iron rod with blood stains)
3. Eyewitness statements from two persons
4. CCTV footage from nearby shop

Conclusion: Prima facie criminal case established. Recommend prosecution of accused for grievous hurt under IPC.",1
"INVESTIGATION REPORT - ABDUCTION CASE

Case: Kidnapping of Anil Kapoor
Prime Accused: Kiran Desai
Sections: 364, 368 IPC (Kidnapping, Wrongfully concealing abducted person)

Investigation Summary:
The victim Anil Kapoor was kidnapped from outside their residence. The accused Kiran Desai was part of the kidnapping gang that held the victim captive for 5 days.

Ransom of ₹1,000,000 was demanded. Through technical surveillance, the hideout was located and the victim was rescued. The accused was arrested from the spot.

This is a criminal case of kidnapping and wrongful confinement. Charge sheet prepared for trial.",1
"WRONGFUL TERMINATION CASE

Employee: Vikram Patel
Employer: Tech Innovations Corp

The employee was terminated without following due process. No show-cause notice was issued. The termination letter cited ""performance issues"" but no performance improvement plan was ever discussed.

Outstanding Dues:
- Unpaid salary: ₹625,000
- Notice period pay: ₹125,000
- Earned leave encashment: ₹62,500

This is a civil matter for wrongful termination and recovery of dues. To be filed before the Labor Commissioner.",0
"FIR - DOMESTIC VIOLENCE

Sections: 498A, 323, 506 IPC (Cruelty, Assault, Criminal Intimidation)
Protection of Women from Domestic Violence Act

Complainant: Anita Reddy
Accused: Divya Menon (Husband)

Complaint:
The complainant Anita Reddy has been subjected to continuous physical and mental torture by husband Divya Menon. The accused regularly beats the complainant, often under the influence of alcohol.

Injuries: Multiple bruises, burn marks on arms, psychological trauma

The accused demands additional dowry and threatens to kill if family doesn't pay. This has been ongoing for the past two years. The complainant fears for her life.

This is a criminal case of domestic violence and marital cruelty. Request arrest of accused and protection for complainant.",1
"FIR - KIDNAPPING FOR RANSOM

Sections: 364A, 365 IPC (Kidnapping for ransom, Abduction)

Complainant: Family of Raj Sharma
Accused: Emily Brown and unknown others
Victim: Raj Sharma

Complaint:
Raj Sharma was abducted by armed men while returning home from office. The family received a ransom call demanding ₹5,000,000 for the victim's release.

The callers threatened to kill Raj Sharma if police is informed. The voice in the ransom call was identified as that of Emily Brown, who had previous enmity with the victim's family.

This is a serious criminal case of kidnapping for ransom. Request immediate action to rescue the victim and arrest the perpetrators.",1
"INVESTIGATION REPORT - ABDUCTION CASE

Case: Kidnapping of Priya Singh
Prime Accused: Sanjay Mehta
Sections: 364, 368 IPC (Kidnapping, Wrongfully concealing abducted person)

Investigation Summary:
The victim Priya Singh was kidnapped from outside their residence. The accused Sanjay Mehta was part of the kidnapping gang that held the victim captive for 5 days.

Ransom of ₹2,500,000 was demanded. Through technical surveillance, the hideout was located and the victim was rescued. The accused was arrested from the spot.

This is a criminal case of kidnapping and wrongful confinement. Charge sheet prepared for trial.",1
"FIR - NDPS ACT VIOLATION

Sections: 21, 22, 29 NDPS Act (Possession, Sale, Conspiracy)

Accused: Sunita Rao
Substance: cannabis/ganja
Quantity: 10 kilograms

Case Details:
Acting on intelligence input, a raid was conducted at the residence of the accused Sunita Rao. During search, 10 kilograms of cannabis/ganja was recovered along with packaging material and weighing scales.

The accused was caught red-handed in possession of commercial quantity of contraband. Mobile records reveal the accused was involved in drug distribution network.

This is a serious criminal offense under the NDPS Act. The accused has been arrested and produced before the Special Court.",1
"CIVIL SUIT - EVICTION AND RENT RECOVERY

Plaintiff/Landlord: Amit Verma
Defendant/Tenant: Ritu Sharma
Monthly Rent: ₹50,000
Outstanding Rent: ₹400,000 (8 months)

Statement of Facts:
The plaintiff is the owner of the residential premises. The defendant has been a tenant since 2023 at a monthly rent of ₹50,000. 

The defendant has defaulted on rent payments for the last 8 months. Multiple verbal and written reminders have been ignored. The defendant has also caused damage to the property.

Relief Sought:
1. Eviction of the defendant from the premises
2. Recovery of outstanding rent of ₹400,000
3. Compensation for property damage
4. Future rent until actual eviction

This is a civil landlord-tenant dispute under the Rent Control Act.",0
"INVESTIGATION REPORT - DOCUMENT FORGERY

Accused: Rohit Bhatia
Victim: Vikram Patel
Sections: 467, 468, 471, 420 IPC

Investigation Findings:
The accused Rohit Bhatia created forged bank documents/cheques to illegally transfer assets belonging to Vikram Patel. Forensic examination of documents confirms:

1. Signature is forged - expert opinion obtained
2. Documents printed on backdated stamp paper
3. Witnesses listed are fictitious

The accused has committed criminal forgery for financial gain. Evidence is conclusive. Recommend arrest and prosecution in criminal court.",1
"DOMESTIC VIOLENCE CASE - INVESTIGATION REPORT

Victim: Swati Pillai
Accused: Pooja Malhotra
Sections: 498A IPC, DV Act Sections 3, 12, 18

Investigation Findings:
Medical examination confirms multiple old and new injury marks on the victim consistent with physical abuse. Neighbors confirmed hearing sounds of beating from the house regularly.

The accused has been habitually cruel to the victim demanding dowry. Text messages threatening dire consequences recovered from accused's phone.

This is a criminal domestic violence case. Accused arrested. Protection order issued for victim. Criminal trial to proceed.",1
"FIR - SEXUAL HARASSMENT

Sections: 354, 354A, 509 IPC (Assault/Criminal force with intent to outrage modesty, Sexual Harassment)

Complainant: Rekha Joshi
Accused: Sanjay Mehta
Location: workplace

Complaint:
The accused Sanjay Mehta has been sexually harassing me at workplace. The harassment includes inappropriate touching, obscene remarks, and unwanted advances.

Despite clear rejection, the accused continued the harassment. The accused also threatened consequences if I reported the matter.

Statement of a witness has been recorded. This is a criminal case of sexual harassment under IPC. Request arrest of accused and appropriate protection measures.",1
"CRIMINAL COMPLAINT - ASSAULT

Complainant/Victim: Vikram Patel
Accused Person: Sanjay Mehta

Details of Crime:
The accused Sanjay Mehta physically assaulted the complainant Vikram Patel with a sharp weapon inflicting serious injuries. The attack was premeditated and the accused had been making threats for several weeks.

Injuries Sustained:
- Deep cut on the left arm requiring 15 stitches
- Bruises on face and chest
- Psychological trauma

This is a serious criminal offense of assault causing grievous bodily harm. Request immediate arrest of the accused and criminal prosecution.",1
"FAMILY COURT MATTER - MAINTENANCE

Applicant: Anita Reddy
Respondent: Raj Sharma

Application for interim maintenance under Section 125 CrPC.

The applicant and respondent are legally married. The respondent has deserted the applicant and is not providing any financial support. The applicant has no independent source of income.

Prayer: Monthly maintenance of ₹50,000 pending divorce proceedings.

Note: This is a civil matrimonial dispute regarding maintenance and not a criminal matter.",0
"EMAIL CORRESPONDENCE - EVIDENCE

From: Sanjay Mehta
To: Pooja Malhotra
Subject: Reminder: Loan Repayment Overdue

Hi Pooja,
Hope you're well. I'm following up on the ₹75,000 loan. The due date has passed. Please let me know when I can expect the payment.

---
Reply from Pooja Malhotra:
I know, I'm sorry. Things have been difficult financially. Can you give me more time?

---
This constitutes civil matter for recovery of debt. No criminal elements present.",0
"CIVIL SUIT FOR BREACH OF CONTRACT

Plaintiff: John D'Souza
Defendant: Emily Brown
Amount in Dispute: ₹750,000

Statement of Claim:
The plaintiff entered into a contract with the defendant for catering services on agreed terms. The total contract value was ₹750,000, of which the plaintiff has already paid 60% as advance.

The defendant has failed to complete the work as per the agreed specifications and timeline. Despite multiple reminders, the defendant has neither completed the work nor refunded the advance amount.

The plaintiff seeks recovery of ₹450,000 paid as advance, along with damages for mental harassment and legal costs.

This is a civil matter arising from breach of commercial contract.",0
"POSH COMMITTEE TO POLICE COMPLAINT

Complaint Transfer: Internal Committee to Police Station
Sections: 354A IPC (Sexual Harassment)

Accused Employee: Suresh Kumar
Victim: Rekha Joshi

The Internal Complaints Committee (ICC) investigated allegations of sexual harassment at public transport. The Committee found prima facie case of severe sexual harassment warranting criminal action.

Evidence examined:
- Email and message evidence
- Testimony of complainant and witnesses
- CCTV footage

This criminal matter is being forwarded to police for FIR registration and prosecution under appropriate IPC sections.",1
"DEFICIENCY IN SERVICE - CONSUMER MATTER

Consumer: Neha Agarwal
Service Provider: Super Gadgets Ltd
Amount Paid: ₹150,000

The consumer availed services from the opposite party but the services rendered were grossly deficient. The opposite party failed to meet the promised standards and specifications.

Multiple complaints were made but no satisfactory resolution was provided. This constitutes deficiency in service under consumer law.

This is a civil consumer dispute. Seeking refund and compensation through Consumer Forum.",0
"CIVIL SUIT - PROPERTY DISPUTE

Court: Bangalore City Civil Court
Case Type: Property/Land Dispute

Plaintiff: Divya Menon
Defendant: Anita Reddy

Facts of the Case:
The plaintiff owns a residential property at 789 Green Road, Dwarka. The defendant, who is the neighbor, has unlawfully constructed a boundary wall that encroaches approximately 3 feet onto the plaintiff's land.

Despite multiple requests for removal of the encroachment, the defendant has refused to comply. The plaintiff seeks a mandatory injunction directing the defendant to demolish the encroaching construction and restore the land.

Relief Sought: Mandatory injunction for removal of encroachment and damages for illegal possession.",0
"CRIMINAL EXTORTION CASE

Accused: Meera Iyer
Victim: Rekha Joshi
Sections: 384, 385 IPC (Extortion, Attempt to Extort)

The accused Meera Iyer has been running an extortion racket. Multiple victims including Rekha Joshi have been threatened and forced to pay money.

Evidence:
- Recorded threatening phone calls
- WhatsApp messages with death threats
- Bank transfers under duress
- Multiple victim statements

This is organized criminal extortion. The accused has prior criminal records. Recommend arrest and prosecution.",1
"DEMAND NOTICE - BREACH OF CONTRACT

To: Sanjay Mehta

Subject: Legal Notice for Recovery of ₹1,000,000

This notice is being sent on behalf of my client Kiran Desai.

My client had engaged your services for interior design work. A written contract was executed and advance payment of ₹600,000 was made.

You have failed to deliver the services as agreed. My client demands:
1. Immediate refund of advance payment
2. Compensation for losses suffered

If we do not receive satisfactory response within 15 days, we shall be constrained to initiate civil proceedings against you. This is a civil dispute - treat this notice seriously.",0
"LABOR DISPUTE - UNPAID WAGES

Petitioner: Pooja Malhotra
Respondent: ABC Technologies Pvt Ltd

Claim Details:
The petitioner was employed with the respondent company as a senior professional. The monthly salary was ₹50,000. 

The respondent has failed to pay salary for the last 2 months amounting to ₹100,000. Additionally, the respondent has not deposited the PF contributions.

The petitioner was asked to resign without any dues being cleared. This constitutes a civil labor dispute for recovery of unpaid wages and statutory dues.

Relief Sought: Recovery of ₹100,000 as unpaid salary plus PF dues and interest.",0
"LAWYER NOTES - PROPERTY MATTER

Client: Raj Sharma

Issue: Boundary dispute with neighbor Anil Kapoor. Client's property survey shows encroachment of approximately 100 sq. ft. by the defendant's new construction.

Evidence Available:
1. Original sale deed showing clear boundaries
2. Recent survey report by licensed surveyor
3. Photographs showing encroachment
4. Witness statements from other neighbors

Strategy: File civil suit for mandatory injunction. This is purely a civil matter - no criminal trespass as there's a genuine boundary dispute. Seek removal of encroachment plus compensation.",0
"DEMAND NOTICE - BREACH OF CONTRACT

To: Vikram Patel

Subject: Legal Notice for Recovery of ₹250,000

This notice is being sent on behalf of my client Divya Menon.

My client had engaged your services for catering services. A written contract was executed and advance payment of ₹150,000 was made.

You have failed to deliver the services as agreed. My client demands:
1. Immediate refund of advance payment
2. Compensation for losses suffered

If we do not receive satisfactory response within 15 days, we shall be constrained to initiate civil proceedings against you. This is a civil dispute - treat this notice seriously.",0
"CONSUMER COMPLAINT

Complainant: Anita Reddy
Opposite Party: City Medical Center
Product: air conditioner
Amount: ₹500,000

Complaint:
The complainant purchased a air conditioner from the opposite party for ₹500,000. Within weeks of purchase, the product developed a major defect. Despite multiple complaints, neither repair nor replacement was provided.

The opposite party's service center has been unresponsive. The warranty claim was rejected citing frivolous reasons.

This is a consumer dispute under the Consumer Protection Act. The complainant seeks replacement of the defective product, compensation for mental agony, and litigation costs.

Prayer: Replacement/refund of ₹500,000 plus ₹50,000 as compensation.",0
"CONSUMER COMPLAINT

Complainant: Kavita Gupta
Opposite Party: Prime Furniture House
Product: laptop
Amount: ₹150,000

Complaint:
The complainant purchased a laptop from the opposite party for ₹150,000. Within weeks of purchase, the product developed a major defect. Despite multiple complaints, neither repair nor replacement was provided.

The opposite party's service center has been unresponsive. The warranty claim was rejected citing frivolous reasons.

This is a consumer dispute under the Consumer Protection Act. The complainant seeks replacement of the defective product, compensation for mental agony, and litigation costs.

Prayer: Replacement/refund of ₹150,000 plus ₹50,000 as compensation.",0
"EMAIL CORRESPONDENCE - EVIDENCE

From: Manoj Tiwari
To: Amit Verma
Subject: Reminder: Loan Repayment Overdue

Hi Amit,
Hope you're well. I'm following up on the ₹500,000 loan. The due date has passed. Please let me know when I can expect the payment.

---
Reply from Amit Verma:
I know, I'm sorry. Things have been difficult financially. Can you give me more time?

---
This constitutes civil matter for recovery of debt. No criminal elements present.",0
"CIVIL SUIT FOR BREACH OF CONTRACT

Plaintiff: Vikram Patel
Defendant: Michael Fernandes
Amount in Dispute: ₹250,000

Statement of Claim:
The plaintiff entered into a contract with the defendant for home renovation on agreed terms. The total contract value was ₹250,000, of which the plaintiff has already paid 60% as advance.

The defendant has failed to complete the work as per the agreed specifications and timeline. Despite multiple reminders, the defendant has neither completed the work nor refunded the advance amount.

The plaintiff seeks recovery of ₹150,000 paid as advance, along with damages for mental harassment and legal costs.

This is a civil matter arising from breach of commercial contract.",0
"CHARGE SHEET - DRUG TRAFFICKING

Accused: Sarah Thomas
Sections: 21(c), 29 NDPS Act (Commercial quantity, Conspiracy)

Investigation established that the accused Sarah Thomas was running a drug trafficking operation. 100 grams of cocaine was seized from the accused.

Evidence:
- Contraband recovered and sealed
- Chemical analysis report confirming substance
- Financial trail showing drug money
- Statements of buyers identifying accused

This is a criminal case involving commercial quantity narcotic substances. Recommend prosecution in Special NDPS Court.",1
"DEMAND NOTICE - BREACH OF CONTRACT

To: Sarah Thomas

Subject: Legal Notice for Recovery of ₹750,000

This notice is being sent on behalf of my client Vikram Patel.

My client had engaged your services for wedding photography. A written contract was executed and advance payment of ₹450,000 was made.

You have failed to deliver the services as agreed. My client demands:
1. Immediate refund of advance payment
2. Compensation for losses suffered

If we do not receive satisfactory response within 15 days, we shall be constrained to initiate civil proceedings against you. This is a civil dispute - treat this notice seriously.",0
"WRONGFUL TERMINATION CASE

Employee: Arjun Nath
Employer: Digital Dreams Inc

The employee was terminated without following due process. No show-cause notice was issued. The termination letter cited ""performance issues"" but no performance improvement plan was ever discussed.

Outstanding Dues:
- Unpaid salary: ₹750,000
- Notice period pay: ₹150,000
- Earned leave encashment: ₹75,000

This is a civil matter for wrongful termination and recovery of dues. To be filed before the Labor Commissioner.",0
"LAWYER NOTES - EVICTION MATTER

Client: Rohit Bhatia (Landlord)
Opponent: Deepa Nair (Tenant)

Facts:
- Tenancy since 2023, rent ₹30,000/month
- Non-payment of rent for 5 months = ₹150,000
- Tenant not vacating despite notice

Documents:
- Rent agreement (registered)
- Rent receipts showing default
- Legal notice sent (with acknowledgment)

Strategy: File eviction suit in Rent Controller court. This is purely civil in nature. Seek eviction + rent arrears + damages. Estimated timeline: 6-12 months.",0
"FIR - FIRST INFORMATION REPORT

Police Station: Central Police Station
FIR Number: 910/2025
Sections: 323, 324, 506 IPC (Assault, Causing Hurt, Criminal Intimidation)

Complainant: Kavita Gupta
Accused: Rahul Khanna

Statement:
On the evening of Tuesday, at approximately 8 PM, the accused Rahul Khanna attacked me near 890 River Lane, Rohini. 

The accused attacked me with a wooden stick causing injuries to my head and arms. He also threatened to kill me if I report to the police. I sustained bleeding injuries and was taken to the hospital.

This is a criminal case of assault and criminal intimidation. The accused should be arrested and prosecuted.",1
"CHARGE SHEET - DRUG TRAFFICKING

Accused: Swati Pillai
Sections: 21(c), 29 NDPS Act (Commercial quantity, Conspiracy)

Investigation established that the accused Swati Pillai was running a drug trafficking operation. 5 kilograms of heroin was seized from the accused.

Evidence:
- Contraband recovered and sealed
- Chemical analysis report confirming substance
- Financial trail showing drug money
- Statements of buyers identifying accused

This is a criminal case involving commercial quantity narcotic substances. Recommend prosecution in Special NDPS Court.",1
"FIR - SEXUAL HARASSMENT

Sections: 354, 354A, 509 IPC (Assault/Criminal force with intent to outrage modesty, Sexual Harassment)

Complainant: Meera Iyer
Accused: Suresh Kumar
Location: public transport

Complaint:
The accused Suresh Kumar has been sexually harassing me at public transport. The harassment includes inappropriate touching, obscene remarks, and unwanted advances.

Despite clear rejection, the accused continued the harassment. The accused also threatened consequences if I reported the matter.

Statement of a witness has been recorded. This is a criminal case of sexual harassment under IPC. Request arrest of accused and appropriate protection measures.",1
"CRIMINAL CASE - HOUSE BREAKING AND THEFT

Victim: Meera Iyer
Accused: Vijay Saxena

The accused Vijay Saxena criminally trespassed into the locked house of the victim at night and committed theft of valuable items including gold jewelry worth ₹5,00,000.

This constitutes criminal offenses under IPC Sections 454 (House trespass), 457 (Lurking house-trespass by night), and 380 (Theft in dwelling house).

The accused has previous criminal history. Request stringent action. This is a serious criminal matter, not a civil dispute.",1
"WRONGFUL TERMINATION CASE

Employee: Pooja Malhotra
Employer: ABC Technologies Pvt Ltd

The employee was terminated without following due process. No show-cause notice was issued. The termination letter cited ""performance issues"" but no performance improvement plan was ever discussed.

Outstanding Dues:
- Unpaid salary: ₹150,000
- Notice period pay: ₹50,000
- Earned leave encashment: ₹25,000

This is a civil matter for wrongful termination and recovery of dues. To be filed before the Labor Commissioner.",0
"FIR - NDPS ACT VIOLATION

Sections: 21, 22, 29 NDPS Act (Possession, Sale, Conspiracy)

Accused: Sunita Rao
Substance: MDMA
Quantity: 100 grams

Case Details:
Acting on intelligence input, a raid was conducted at the residence of the accused Sunita Rao. During search, 100 grams of MDMA was recovered along with packaging material and weighing scales.

The accused was caught red-handed in possession of commercial quantity of contraband. Mobile records reveal the accused was involved in drug distribution network.

This is a serious criminal offense under the NDPS Act. The accused has been arrested and produced before the Special Court.",1
"FAMILY COURT MATTER - MAINTENANCE

Applicant: Swati Pillai
Respondent: Manoj Tiwari

Application for interim maintenance under Section 125 CrPC.

The applicant and respondent are legally married. The respondent has deserted the applicant and is not providing any financial support. The applicant has no independent source of income.

Prayer: Monthly maintenance of ₹50,000 pending divorce proceedings.

Note: This is a civil matrimonial dispute regarding maintenance and not a criminal matter.",0
"DEFICIENCY IN SERVICE - CONSUMER MATTER

Consumer: Raj Sharma
Service Provider: Best Electronics Store
Amount Paid: ₹150,000

The consumer availed services from the opposite party but the services rendered were grossly deficient. The opposite party failed to meet the promised standards and specifications.

Multiple complaints were made but no satisfactory resolution was provided. This constitutes deficiency in service under consumer law.

This is a civil consumer dispute. Seeking refund and compensation through Consumer Forum.",0
"FIR - DOMESTIC VIOLENCE

Sections: 498A, 323, 506 IPC (Cruelty, Assault, Criminal Intimidation)
Protection of Women from Domestic Violence Act

Complainant: Kavita Gupta
Accused: Rahul Khanna (Husband)

Complaint:
The complainant Kavita Gupta has been subjected to continuous physical and mental torture by husband Rahul Khanna. The accused regularly beats the complainant, often under the influence of alcohol.

Injuries: Multiple bruises, burn marks on arms, psychological trauma

The accused demands additional dowry and threatens to kill if family doesn't pay. This has been ongoing for the past two years. The complainant fears for her life.

This is a criminal case of domestic violence and marital cruelty. Request arrest of accused and protection for complainant.",1
"CHARGE SHEET - ATTEMPT TO MURDER

Sections: 307, 324 IPC (Attempt to Murder, Voluntarily causing hurt by dangerous weapon)

Accused: Ritu Sharma
Victim: Sunita Rao

Facts:
The accused Ritu Sharma made a deliberate attempt on the life of Sunita Rao by attacking with a knife. The victim sustained life-threatening injuries and was hospitalized for weeks.

Evidence:
- Medical report confirming injuries could have been fatal
- Murder weapon recovered
- Eyewitness testimony
- Motive established (property dispute)

This constitutes attempted murder under Section 307 IPC. The accused acted with clear intention to kill. Trial in Sessions Court recommended.",1
"FIR - NDPS ACT VIOLATION

Sections: 21, 22, 29 NDPS Act (Possession, Sale, Conspiracy)

Accused: Ashok Bansal
Substance: cocaine
Quantity: 10 kilograms

Case Details:
Acting on intelligence input, a raid was conducted at the residence of the accused Ashok Bansal. During search, 10 kilograms of cocaine was recovered along with packaging material and weighing scales.

The accused was caught red-handed in possession of commercial quantity of contraband. Mobile records reveal the accused was involved in drug distribution network.

This is a serious criminal offense under the NDPS Act. The accused has been arrested and produced before the Special Court.",1
"FIR - KIDNAPPING FOR RANSOM

Sections: 364A, 365 IPC (Kidnapping for ransom, Abduction)

Complainant: Family of Rekha Joshi
Accused: Emily Brown and unknown others
Victim: Rekha Joshi

Complaint:
Rekha Joshi was abducted by armed men while returning home from office. The family received a ransom call demanding ₹2,500,000 for the victim's release.

The callers threatened to kill Rekha Joshi if police is informed. The voice in the ransom call was identified as that of Emily Brown, who had previous enmity with the victim's family.

This is a serious criminal case of kidnapping for ransom. Request immediate action to rescue the victim and arrest the perpetrators.",1
"TENANT DISPUTE SUMMARY

Vijay Saxena has been occupying the property owned by Ritu Sharma and has failed to pay rent for 6 consecutive months, totaling ₹150,000.

The tenant also refuses to vacate the premises despite the lease agreement having expired. This constitutes a civil dispute regarding rental arrears and unlawful occupation.

Recommended action: File civil suit for eviction and recovery. No criminal element as this is a contractual tenancy matter.",0
"CIVIL SUIT - PROPERTY DISPUTE

Court: Kolkata High Court
Case Type: Property/Land Dispute

Plaintiff: Sanjay Mehta
Defendant: Meera Iyer

Facts of the Case:
The plaintiff owns a residential property at 890 River Lane, Rohini. The defendant, who is the neighbor, has unlawfully constructed a boundary wall that encroaches approximately 3 feet onto the plaintiff's land.

Despite multiple requests for removal of the encroachment, the defendant has refused to comply. The plaintiff seeks a mandatory injunction directing the defendant to demolish the encroaching construction and restore the land.

Relief Sought: Mandatory injunction for removal of encroachment and damages for illegal possession.",0
"INVESTIGATION REPORT - ABDUCTION CASE

Case: Kidnapping of Michael Fernandes
Prime Accused: Manoj Tiwari
Sections: 364, 368 IPC (Kidnapping, Wrongfully concealing abducted person)

Investigation Summary:
The victim Michael Fernandes was kidnapped from outside their residence. The accused Manoj Tiwari was part of the kidnapping gang that held the victim captive for 5 days.

Ransom of ₹10,000,000 was demanded. Through technical surveillance, the hideout was located and the victim was rescued. The accused was arrested from the spot.

This is a criminal case of kidnapping and wrongful confinement. Charge sheet prepared for trial.",1
"EMAIL CORRESPONDENCE - EVIDENCE

From: Kavita Gupta
To: Swati Pillai
Subject: Reminder: Loan Repayment Overdue

Hi Swati,
Hope you're well. I'm following up on the ₹75,000 loan. The due date has passed. Please let me know when I can expect the payment.

---
Reply from Swati Pillai:
I know, I'm sorry. Things have been difficult financially. Can you give me more time?

---
This constitutes civil matter for recovery of debt. No criminal elements present.",0
"FIR - NDPS ACT VIOLATION

Sections: 21, 22, 29 NDPS Act (Possession, Sale, Conspiracy)

Accused: John D'Souza
Substance: MDMA
Quantity: 2 kilograms

Case Details:
Acting on intelligence input, a raid was conducted at the residence of the accused John D'Souza. During search, 2 kilograms of MDMA was recovered along with packaging material and weighing scales.

The accused was caught red-handed in possession of commercial quantity of contraband. Mobile records reveal the accused was involved in drug distribution network.

This is a serious criminal offense under the NDPS Act. The accused has been arrested and produced before the Special Court.",1
"PROPERTY OWNERSHIP DISPUTE

Parties involved: Suresh Kumar vs Sanjay Mehta

The dispute concerns ancestral property that was divided among family members. Suresh Kumar claims that Sanjay Mehta has occupied a portion of land that was allocated to the plaintiff in the family settlement deed.

Documents examined:
- Family settlement deed from 2010
- Property registration documents
- Revenue records

Opinion: This is a civil dispute regarding interpretation of family settlement. Recommend filing civil suit for partition and specific performance. No criminal elements involved.",0
"WRONGFUL TERMINATION CASE

Employee: Neha Agarwal
Employer: Digital Dreams Inc

The employee was terminated without following due process. No show-cause notice was issued. The termination letter cited ""performance issues"" but no performance improvement plan was ever discussed.

Outstanding Dues:
- Unpaid salary: ₹200,000
- Notice period pay: ₹100,000
- Earned leave encashment: ₹50,000

This is a civil matter for wrongful termination and recovery of dues. To be filed before the Labor Commissioner.",0
"FIR - DOMESTIC VIOLENCE

Sections: 498A, 323, 506 IPC (Cruelty, Assault, Criminal Intimidation)
Protection of Women from Domestic Violence Act

Complainant: Ritu Sharma
Accused: Kiran Desai (Husband)

Complaint:
The complainant Ritu Sharma has been subjected to continuous physical and mental torture by husband Kiran Desai. The accused regularly beats the complainant, often under the influence of alcohol.

Injuries: Multiple bruises, burn marks on arms, psychological trauma

The accused demands additional dowry and threatens to kill if family doesn't pay. This has been ongoing for the past two years. The complainant fears for her life.

This is a criminal case of domestic violence and marital cruelty. Request arrest of accused and protection for complainant.",1
"CONSUMER COMPLAINT

Complainant: Pooja Malhotra
Opposite Party: Best Electronics Store
Product: washing machine
Amount: ₹25,000

Complaint:
The complainant purchased a washing machine from the opposite party for ₹25,000. Within weeks of purchase, the product developed a major defect. Despite multiple complaints, neither repair nor replacement was provided.

The opposite party's service center has been unresponsive. The warranty claim was rejected citing frivolous reasons.

This is a consumer dispute under the Consumer Protection Act. The complainant seeks replacement of the defective product, compensation for mental agony, and litigation costs.

Prayer: Replacement/refund of ₹25,000 plus ₹50,000 as compensation.",0
"CHARGE SHEET - DRUG TRAFFICKING

Accused: Swati Pillai
Sections: 21(c), 29 NDPS Act (Commercial quantity, Conspiracy)

Investigation established that the accused Swati Pillai was running a drug trafficking operation. 10 kilograms of MDMA was seized from the accused.

Evidence:
- Contraband recovered and sealed
- Chemical analysis report confirming substance
- Financial trail showing drug money
- Statements of buyers identifying accused

This is a criminal case involving commercial quantity narcotic substances. Recommend prosecution in Special NDPS Court.",1
"FIR - MURDER CASE

Police Station: Crime Branch
FIR Number: 820/2025
Sections: 302, 201 IPC (Murder, Causing disappearance of evidence)

Deceased: Kiran Desai
Accused: Sanjay Mehta

Case Summary:
The body of Kiran Desai was found at the outskirts of the city. Post-mortem report confirms death due to stab wounds and strangulation. The victim was last seen with the accused Sanjay Mehta.

Investigation reveals the accused had ongoing disputes with the deceased over financial matters. Mobile records and witnesses place the accused at the crime scene.

This is a case of premeditated murder. The accused Sanjay Mehta has been arrested. Charge sheet being prepared for trial in Sessions Court.",1
"CRIMINAL COMPLAINT - ASSAULT

Complainant/Victim: Kiran Desai
Accused Person: John D'Souza

Details of Crime:
The accused John D'Souza physically assaulted the complainant Kiran Desai with a sharp weapon inflicting serious injuries. The attack was premeditated and the accused had been making threats for several weeks.

Injuries Sustained:
- Deep cut on the left arm requiring 15 stitches
- Bruises on face and chest
- Psychological trauma

This is a serious criminal offense of assault causing grievous bodily harm. Request immediate arrest of the accused and criminal prosecution.",1
"INVESTIGATION REPORT - ROBBERY CASE

Case: Robbery at residence of Priya Singh
Accused: Sunita Rao
Sections: 392, 397 IPC (Robbery, Dacoity with attempt to cause death)

Investigation Findings:
The accused Sunita Rao along with two others broke into the victim's house while the family was asleep. They threatened the family members with weapons and robbed gold jewelry worth ₹5,00,000.

Evidence:
- Victim's statement recorded
- Stolen items recovered from accused's possession
- Weapons recovered
- Confession statement of accused

This is a criminal case of robbery. The accused has been arrested. Charge sheet being filed for trial.",1
"LAWYER NOTES - PROPERTY MATTER

Client: John D'Souza

Issue: Boundary dispute with neighbor Emily Brown. Client's property survey shows encroachment of approximately 100 sq. ft. by the defendant's new construction.

Evidence Available:
1. Original sale deed showing clear boundaries
2. Recent survey report by licensed surveyor
3. Photographs showing encroachment
4. Witness statements from other neighbors

Strategy: File civil suit for mandatory injunction. This is purely a civil matter - no criminal trespass as there's a genuine boundary dispute. Seek removal of encroachment plus compensation.",0
"TENANT DISPUTE SUMMARY

Swati Pillai has been occupying the property owned by Kiran Desai and has failed to pay rent for 4 consecutive months, totaling ₹200,000.

The tenant also refuses to vacate the premises despite the lease agreement having expired. This constitutes a civil dispute regarding rental arrears and unlawful occupation.

Recommended action: File civil suit for eviction and recovery. No criminal element as this is a contractual tenancy matter.",0
"CRIMINAL INVESTIGATION - FINANCIAL FRAUD

Accused: Sarah Thomas
Victims: Ashok Bansal and others
Total Amount: ₹5,000,000+

Investigation established that the accused ran a fake investment scheme promising 50% returns, collecting money from multiple victims with false promises. 

The accused used fake identity documents and opened bank accounts for laundering the defrauded money. This is a case of organized financial crime.

Sections: 420 (Cheating), 406 (Criminal breach of trust), 34 (Common intention) IPC

The accused is a habitual offender. Criminal prosecution recommended.",1
"FIR - SEXUAL HARASSMENT

Sections: 354, 354A, 509 IPC (Assault/Criminal force with intent to outrage modesty, Sexual Harassment)

Complainant: Divya Menon
Accused: Sarah Thomas
Location: public transport

Complaint:
The accused Sarah Thomas has been sexually harassing me at public transport. The harassment includes inappropriate touching, obscene remarks, and unwanted advances.

Despite clear rejection, the accused continued the harassment. The accused also threatened consequences if I reported the matter.

Statement of a witness has been recorded. This is a criminal case of sexual harassment under IPC. Request arrest of accused and appropriate protection measures.",1
"WRONGFUL TERMINATION CASE

Employee: Kiran Desai
Employer: Digital Dreams Inc

The employee was terminated without following due process. No show-cause notice was issued. The termination letter cited ""performance issues"" but no performance improvement plan was ever discussed.

Outstanding Dues:
- Unpaid salary: ₹300,000
- Notice period pay: ₹150,000
- Earned leave encashment: ₹75,000

This is a civil matter for wrongful termination and recovery of dues. To be filed before the Labor Commissioner.",0
"CIVIL SUIT - PROPERTY DISPUTE

Court: Kolkata High Court
Case Type: Property/Land Dispute

Plaintiff: Vijay Saxena
Defendant: John D'Souza

Facts of the Case:
The plaintiff owns a residential property at 123 Main Street, Central Delhi. The defendant, who is the neighbor, has unlawfully constructed a boundary wall that encroaches approximately 3 feet onto the plaintiff's land.

Despite multiple requests for removal of the encroachment, the defendant has refused to comply. The plaintiff seeks a mandatory injunction directing the defendant to demolish the encroaching construction and restore the land.

Relief Sought: Mandatory injunction for removal of encroachment and damages for illegal possession.",0
"PROMISSORY NOTE

Loan Amount: ₹500,000

FOR VALUE RECEIVED, the undersigned, Deepa Nair (the ""Borrower""), promises to pay to the order of Divya Menon (the ""Lender"") the principal sum of ₹500,000.

TERMS OF REPAYMENT: The full amount is to be repaid within six months from the date of this note. No interest shall be accrued if paid by the due date.

Signature of Borrower: Deepa Nair

Note: The borrower has not repaid the amount despite multiple reminders. This matter is being taken to civil court for recovery.",0
"CRIMINAL EXTORTION CASE

Accused: Neha Agarwal
Victim: Sarah Thomas
Sections: 384, 385 IPC (Extortion, Attempt to Extort)

The accused Neha Agarwal has been running an extortion racket. Multiple victims including Sarah Thomas have been threatened and forced to pay money.

Evidence:
- Recorded threatening phone calls
- WhatsApp messages with death threats
- Bank transfers under duress
- Multiple victim statements

This is organized criminal extortion. The accused has prior criminal records. Recommend arrest and prosecution.",1
"PROPERTY OWNERSHIP DISPUTE

Parties involved: Meera Iyer vs Sunita Rao

The dispute concerns ancestral property that was divided among family members. Meera Iyer claims that Sunita Rao has occupied a portion of land that was allocated to the plaintiff in the family settlement deed.

Documents examined:
- Family settlement deed from 2010
- Property registration documents
- Revenue records

Opinion: This is a civil dispute regarding interpretation of family settlement. Recommend filing civil suit for partition and specific performance. No criminal elements involved.",0
"MATRIMONIAL DISPUTE - DIVORCE PETITION

Petitioner: Neha Agarwal
Respondent: Vijay Saxena

Type: Divorce Petition under Hindu Marriage Act

Facts:
The parties were married in 2019. Due to irreconcilable differences and temperamental incompatibility, the marriage has irretrievably broken down. The parties have been living separately for over two years.

There are disputes regarding:
1. Division of matrimonial property
2. Custody of minor child
3. Maintenance/alimony

This is a civil family matter. The petitioner seeks dissolution of marriage and fair settlement of matrimonial property. Mediation has been attempted but failed.",0
"DEMAND NOTICE - BREACH OF CONTRACT

To: David Wilson

Subject: Legal Notice for Recovery of ₹100,000

This notice is being sent on behalf of my client Swati Pillai.

My client had engaged your services for interior design work. A written contract was executed and advance payment of ₹60,000 was made.

You have failed to deliver the services as agreed. My client demands:
1. Immediate refund of advance payment
2. Compensation for losses suffered

If we do not receive satisfactory response within 15 days, we shall be constrained to initiate civil proceedings against you. This is a civil dispute - treat this notice seriously.",0
"CYBER CRIME COMPLAINT - ONLINE FRAUD

Sections: 420 IPC, Section 66D IT Act

Victim: Vikram Patel
Accused/Suspect: Arjun Nath
Amount Defrauded: ₹10,000,000

Details of Cyber Fraud:
The accused operated a fraudulent property sale with forged documents. The victim was contacted through social media and convinced to transfer money with promises of high returns.

Multiple transactions were made to the accused's bank account. After collecting ₹10,000,000, the accused blocked all communication and disappeared.

Evidence: Bank statements, WhatsApp chats, Email correspondence

This is a criminal case of cyber fraud under IPC and IT Act. Request urgent action.",1
"WRONGFUL TERMINATION CASE

Employee: Michael Fernandes
Employer: Global Services Ltd

The employee was terminated without following due process. No show-cause notice was issued. The termination letter cited ""performance issues"" but no performance improvement plan was ever discussed.

Outstanding Dues:
- Unpaid salary: ₹625,000
- Notice period pay: ₹125,000
- Earned leave encashment: ₹62,500

This is a civil matter for wrongful termination and recovery of dues. To be filed before the Labor Commissioner.",0
"INVESTIGATION REPORT - ABDUCTION CASE

Case: Kidnapping of Rohit Bhatia
Prime Accused: Sarah Thomas
Sections: 364, 368 IPC (Kidnapping, Wrongfully concealing abducted person)

Investigation Summary:
The victim Rohit Bhatia was kidnapped from outside their residence. The accused Sarah Thomas was part of the kidnapping gang that held the victim captive for 5 days.

Ransom of ₹10,000,000 was demanded. Through technical surveillance, the hideout was located and the victim was rescued. The accused was arrested from the spot.

This is a criminal case of kidnapping and wrongful confinement. Charge sheet prepared for trial.",1
"LAWYER NOTES - EVICTION MATTER

Client: Ashok Bansal (Landlord)
Opponent: Neha Agarwal (Tenant)

Facts:
- Tenancy since 2023, rent ₹50,000/month
- Non-payment of rent for 3 months = ₹150,000
- Tenant not vacating despite notice

Documents:
- Rent agreement (registered)
- Rent receipts showing default
- Legal notice sent (with acknowledgment)

Strategy: File eviction suit in Rent Controller court. This is purely civil in nature. Seek eviction + rent arrears + damages. Estimated timeline: 6-12 months.",0
"FIR - FORGERY AND FRAUD

Sections: 465, 467, 468, 471 IPC (Forgery, Forgery of valuable security, Using forged document as genuine)

Complainant: Rekha Joshi
Accused: Swati Pillai

Criminal Complaint:
The accused Swati Pillai has forged property registration documents pretending to be me/act on my behalf. Using these forged documents, the accused fraudulently transferred property/funds.

The signature on the documents is not mine - this can be verified through handwriting analysis. The accused took advantage of my absence from the country to commit this fraud.

This is a case of criminal forgery and fraud. The accused should be arrested and the fraudulent transactions reversed.",1
"MATRIMONIAL DISPUTE - DIVORCE PETITION

Petitioner: Divya Menon
Respondent: Anil Kapoor

Type: Divorce Petition under Hindu Marriage Act

Facts:
The parties were married in 2019. Due to irreconcilable differences and temperamental incompatibility, the marriage has irretrievably broken down. The parties have been living separately for over two years.

There are disputes regarding:
1. Division of matrimonial property
2. Custody of minor child
3. Maintenance/alimony

This is a civil family matter. The petitioner seeks dissolution of marriage and fair settlement of matrimonial property. Mediation has been attempted but failed.",0
"DEFICIENCY IN SERVICE - CONSUMER MATTER

Consumer: Rahul Khanna
Service Provider: Quality Home Appliances
Amount Paid: ₹75,000

The consumer availed services from the opposite party but the services rendered were grossly deficient. The opposite party failed to meet the promised standards and specifications.

Multiple complaints were made but no satisfactory resolution was provided. This constitutes deficiency in service under consumer law.

This is a civil consumer dispute. Seeking refund and compensation through Consumer Forum.",0
"INVESTIGATION REPORT - DOCUMENT FORGERY

Accused: Anil Kapoor
Victim: Ashok Bansal
Sections: 467, 468, 471, 420 IPC

Investigation Findings:
The accused Anil Kapoor created forged company shares transfer deed to illegally transfer assets belonging to Ashok Bansal. Forensic examination of documents confirms:

1. Signature is forged - expert opinion obtained
2. Documents printed on backdated stamp paper
3. Witnesses listed are fictitious

The accused has committed criminal forgery for financial gain. Evidence is conclusive. Recommend arrest and prosecution in criminal court.",1
"LAWYER NOTES - CONFIDENTIAL

Client: Sunita Rao (Plaintiff)
Matter: Recovery of ₹200,000 from Neha Agarwal

Case Strategy:
Primary evidence is the signed promissory note. Very strong documentation.
The witness is reliable and willing to testify about the loan agreement.
Email chain shows Neha Agarwal acknowledging the debt and failure to pay.
Our primary argument is a straightforward breach of contract.

Client Position: Firm on recovering the full amount. Not interested in settlement for a lesser sum at this stage. Feels betrayed as it was a personal loan to a friend.",0
"FIR - SEXUAL HARASSMENT

Sections: 354, 354A, 509 IPC (Assault/Criminal force with intent to outrage modesty, Sexual Harassment)

Complainant: Emily Brown
Accused: Kiran Desai
Location: office premises

Complaint:
The accused Kiran Desai has been sexually harassing me at office premises. The harassment includes inappropriate touching, obscene remarks, and unwanted advances.

Despite clear rejection, the accused continued the harassment. The accused also threatened consequences if I reported the matter.

Statement of a witness has been recorded. This is a criminal case of sexual harassment under IPC. Request arrest of accused and appropriate protection measures.",1
"INVESTIGATION REPORT - DOCUMENT FORGERY

Accused: Rahul Khanna
Victim: Neha Agarwal
Sections: 467, 468, 471, 420 IPC

Investigation Findings:
The accused Rahul Khanna created forged company shares transfer deed to illegally transfer assets belonging to Neha Agarwal. Forensic examination of documents confirms:

1. Signature is forged - expert opinion obtained
2. Documents printed on backdated stamp paper
3. Witnesses listed are fictitious

The accused has committed criminal forgery for financial gain. Evidence is conclusive. Recommend arrest and prosecution in criminal court.",1
"EMAIL CORRESPONDENCE - EVIDENCE

From: Sanjay Mehta
To: Ashok Bansal
Subject: Reminder: Loan Repayment Overdue

Hi Ashok,
Hope you're well. I'm following up on the ₹25,000 loan. The due date has passed. Please let me know when I can expect the payment.

---
Reply from Ashok Bansal:
I know, I'm sorry. Things have been difficult financially. Can you give me more time?

---
This constitutes civil matter for recovery of debt. No criminal elements present.",0
"CIVIL SUIT - PROPERTY DISPUTE

Court: Kolkata High Court
Case Type: Property/Land Dispute

Plaintiff: Manoj Tiwari
Defendant: Anil Kapoor

Facts of the Case:
The plaintiff owns a residential property at 567 Hill Side, Saket. The defendant, who is the neighbor, has unlawfully constructed a boundary wall that encroaches approximately 3 feet onto the plaintiff's land.

Despite multiple requests for removal of the encroachment, the defendant has refused to comply. The plaintiff seeks a mandatory injunction directing the defendant to demolish the encroaching construction and restore the land.

Relief Sought: Mandatory injunction for removal of encroachment and damages for illegal possession.",0
"TENANT DISPUTE SUMMARY

Rekha Joshi has been occupying the property owned by Manoj Tiwari and has failed to pay rent for 4 consecutive months, totaling ₹200,000.

The tenant also refuses to vacate the premises despite the lease agreement having expired. This constitutes a civil dispute regarding rental arrears and unlawful occupation.

Recommended action: File civil suit for eviction and recovery. No criminal element as this is a contractual tenancy matter.",0
"EMAIL CORRESPONDENCE - EVIDENCE

From: Divya Menon
To: Pooja Malhotra
Subject: Reminder: Loan Repayment Overdue

Hi Pooja,
Hope you're well. I'm following up on the ₹500,000 loan. The due date has passed. Please let me know when I can expect the payment.

---
Reply from Pooja Malhotra:
I know, I'm sorry. Things have been difficult financially. Can you give me more time?

---
This constitutes civil matter for recovery of debt. No criminal elements present.",0
"INVESTIGATION REPORT - ABDUCTION CASE

Case: Kidnapping of John D'Souza
Prime Accused: Rahul Khanna
Sections: 364, 368 IPC (Kidnapping, Wrongfully concealing abducted person)

Investigation Summary:
The victim John D'Souza was kidnapped from outside their residence. The accused Rahul Khanna was part of the kidnapping gang that held the victim captive for 5 days.

Ransom of ₹2,500,000 was demanded. Through technical surveillance, the hideout was located and the victim was rescued. The accused was arrested from the spot.

This is a criminal case of kidnapping and wrongful confinement. Charge sheet prepared for trial.",1
"FIR - SEXUAL HARASSMENT

Sections: 354, 354A, 509 IPC (Assault/Criminal force with intent to outrage modesty, Sexual Harassment)

Complainant: Priya Singh
Accused: David Wilson
Location: college campus

Complaint:
The accused David Wilson has been sexually harassing me at college campus. The harassment includes inappropriate touching, obscene remarks, and unwanted advances.

Despite clear rejection, the accused continued the harassment. The accused also threatened consequences if I reported the matter.

Statement of a witness has been recorded. This is a criminal case of sexual harassment under IPC. Request arrest of accused and appropriate protection measures.",1
"DEMAND NOTICE - BREACH OF CONTRACT

To: Ashok Bansal

Subject: Legal Notice for Recovery of ₹750,000

This notice is being sent on behalf of my client Emily Brown.

My client had engaged your services for catering services. A written contract was executed and advance payment of ₹450,000 was made.

You have failed to deliver the services as agreed. My client demands:
1. Immediate refund of advance payment
2. Compensation for losses suffered

If we do not receive satisfactory response within 15 days, we shall be constrained to initiate civil proceedings against you. This is a civil dispute - treat this notice seriously.",0
"FIR - THEFT/ROBBERY

Police Station: City Police Station
FIR Number: 381/2025
Sections: 379, 380 IPC (Theft, Theft in dwelling house)

Complainant: Vikram Patel
Accused: Sanjay Mehta (identified)

Incident:
On the night of the incident, unknown persons broke into my residence while I was away. Upon returning, I found the lock broken and the house ransacked.

Items Stolen:
diamond necklace worth ₹10,00,000

During investigation, the accused Sanjay Mehta was identified based on CCTV footage. This is a criminal case of theft/burglary. Request immediate action and recovery of stolen property.",1
"PROPERTY OWNERSHIP DISPUTE

Parties involved: Vikram Patel vs David Wilson

The dispute concerns ancestral property that was divided among family members. Vikram Patel claims that David Wilson has occupied a portion of land that was allocated to the plaintiff in the family settlement deed.

Documents examined:
- Family settlement deed from 2010
- Property registration documents
- Revenue records

Opinion: This is a civil dispute regarding interpretation of family settlement. Recommend filing civil suit for partition and specific performance. No criminal elements involved.",0
"CONSUMER COMPLAINT

Complainant: Rekha Joshi
Opposite Party: Best Electronics Store
Product: refrigerator
Amount: ₹500,000

Complaint:
The complainant purchased a refrigerator from the opposite party for ₹500,000. Within weeks of purchase, the product developed a major defect. Despite multiple complaints, neither repair nor replacement was provided.

The opposite party's service center has been unresponsive. The warranty claim was rejected citing frivolous reasons.

This is a consumer dispute under the Consumer Protection Act. The complainant seeks replacement of the defective product, compensation for mental agony, and litigation costs.

Prayer: Replacement/refund of ₹500,000 plus ₹50,000 as compensation.",0
"FIR - FORGERY AND FRAUD

Sections: 465, 467, 468, 471 IPC (Forgery, Forgery of valuable security, Using forged document as genuine)

Complainant: Arjun Nath
Accused: Kavita Gupta

Criminal Complaint:
The accused Kavita Gupta has forged company shares transfer deed pretending to be me/act on my behalf. Using these forged documents, the accused fraudulently transferred property/funds.

The signature on the documents is not mine - this can be verified through handwriting analysis. The accused took advantage of my absence from the country to commit this fraud.

This is a case of criminal forgery and fraud. The accused should be arrested and the fraudulent transactions reversed.",1
"TENANT DISPUTE SUMMARY

Amit Verma has been occupying the property owned by Sanjay Mehta and has failed to pay rent for 7 consecutive months, totaling ₹140,000.

The tenant also refuses to vacate the premises despite the lease agreement having expired. This constitutes a civil dispute regarding rental arrears and unlawful occupation.

Recommended action: File civil suit for eviction and recovery. No criminal element as this is a contractual tenancy matter.",0
"CHARGE SHEET - CRIMINAL CASE

Accused: John D'Souza
Victim: Raj Sharma
Sections: 325, 506 IPC (Grievous Hurt, Criminal Intimidation)

Investigation Summary:
Based on the FIR and investigation, it is established that the accused John D'Souza brutally assaulted the victim Raj Sharma with an iron rod, causing multiple fractures.

Evidence Collected:
1. Medical report confirming grievous injuries
2. Weapon recovered (iron rod with blood stains)
3. Eyewitness statements from two persons
4. CCTV footage from nearby shop

Conclusion: Prima facie criminal case established. Recommend prosecution of accused for grievous hurt under IPC.",1
"LABOR DISPUTE - UNPAID WAGES

Petitioner: Michael Fernandes
Respondent: Tech Innovations Corp

Claim Details:
The petitioner was employed with the respondent company as a senior professional. The monthly salary was ₹150,000. 

The respondent has failed to pay salary for the last 2 months amounting to ₹300,000. Additionally, the respondent has not deposited the PF contributions.

The petitioner was asked to resign without any dues being cleared. This constitutes a civil labor dispute for recovery of unpaid wages and statutory dues.

Relief Sought: Recovery of ₹300,000 as unpaid salary plus PF dues and interest.",0
"CRIMINAL COMPLAINT - ASSAULT

Complainant/Victim: Anita Reddy
Accused Person: Emily Brown

Details of Crime:
The accused Emily Brown physically assaulted the complainant Anita Reddy with a sharp weapon inflicting serious injuries. The attack was premeditated and the accused had been making threats for several weeks.

Injuries Sustained:
- Deep cut on the left arm requiring 15 stitches
- Bruises on face and chest
- Psychological trauma

This is a serious criminal offense of assault causing grievous bodily harm. Request immediate arrest of the accused and criminal prosecution.",1
"CHARGE SHEET - DRUG TRAFFICKING

Accused: Raj Sharma
Sections: 21(c), 29 NDPS Act (Commercial quantity, Conspiracy)

Investigation established that the accused Raj Sharma was running a drug trafficking operation. 500 grams of methamphetamine was seized from the accused.

Evidence:
- Contraband recovered and sealed
- Chemical analysis report confirming substance
- Financial trail showing drug money
- Statements of buyers identifying accused

This is a criminal case involving commercial quantity narcotic substances. Recommend prosecution in Special NDPS Court.",1
"CONSUMER COMPLAINT

Complainant: Pooja Malhotra
Opposite Party: Best Electronics Store
Product: car
Amount: ₹500,000

Complaint:
The complainant purchased a car from the opposite party for ₹500,000. Within weeks of purchase, the product developed a major defect. Despite multiple complaints, neither repair nor replacement was provided.

The opposite party's service center has been unresponsive. The warranty claim was rejected citing frivolous reasons.

This is a consumer dispute under the Consumer Protection Act. The complainant seeks replacement of the defective product, compensation for mental agony, and litigation costs.

Prayer: Replacement/refund of ₹500,000 plus ₹50,000 as compensation.",0
"INVESTIGATION REPORT - ROBBERY CASE

Case: Robbery at residence of Michael Fernandes
Accused: Ashok Bansal
Sections: 392, 397 IPC (Robbery, Dacoity with attempt to cause death)

Investigation Findings:
The accused Ashok Bansal along with two others broke into the victim's house while the family was asleep. They threatened the family members with weapons and robbed cash amounting to ₹2,00,000.

Evidence:
- Victim's statement recorded
- Stolen items recovered from accused's possession
- Weapons recovered
- Confession statement of accused

This is a criminal case of robbery. The accused has been arrested. Charge sheet being filed for trial.",1
"DOMESTIC VIOLENCE CASE - INVESTIGATION REPORT

Victim: Kavita Gupta
Accused: Rekha Joshi
Sections: 498A IPC, DV Act Sections 3, 12, 18

Investigation Findings:
Medical examination confirms multiple old and new injury marks on the victim consistent with physical abuse. Neighbors confirmed hearing sounds of beating from the house regularly.

The accused has been habitually cruel to the victim demanding dowry. Text messages threatening dire consequences recovered from accused's phone.

This is a criminal domestic violence case. Accused arrested. Protection order issued for victim. Criminal trial to proceed.",1
"FIR - FORGERY AND FRAUD

Sections: 465, 467, 468, 471 IPC (Forgery, Forgery of valuable security, Using forged document as genuine)

Complainant: John D'Souza
Accused: Anil Kapoor

Criminal Complaint:
The accused Anil Kapoor has forged bank documents/cheques pretending to be me/act on my behalf. Using these forged documents, the accused fraudulently transferred property/funds.

The signature on the documents is not mine - this can be verified through handwriting analysis. The accused took advantage of my absence from the country to commit this fraud.

This is a case of criminal forgery and fraud. The accused should be arrested and the fraudulent transactions reversed.",1
"CHARGE SHEET - CRIMINAL CASE

Accused: Amit Verma
Victim: Pooja Malhotra
Sections: 325, 506 IPC (Grievous Hurt, Criminal Intimidation)

Investigation Summary:
Based on the FIR and investigation, it is established that the accused Amit Verma brutally assaulted the victim Pooja Malhotra with an iron rod, causing multiple fractures.

Evidence Collected:
1. Medical report confirming grievous injuries
2. Weapon recovered (iron rod with blood stains)
3. Eyewitness statements from two persons
4. CCTV footage from nearby shop

Conclusion: Prima facie criminal case established. Recommend prosecution of accused for grievous hurt under IPC.",1
"FIR - KIDNAPPING FOR RANSOM

Sections: 364A, 365 IPC (Kidnapping for ransom, Abduction)

Complainant: Family of Rohit Bhatia
Accused: Anil Kapoor and unknown others
Victim: Rohit Bhatia

Complaint:
Rohit Bhatia was abducted by armed men while returning home from office. The family received a ransom call demanding ₹10,000,000 for the victim's release.

The callers threatened to kill Rohit Bhatia if police is informed. The voice in the ransom call was identified as that of Anil Kapoor, who had previous enmity with the victim's family.

This is a serious criminal case of kidnapping for ransom. Request immediate action to rescue the victim and arrest the perpetrators.",1
"FIR - KIDNAPPING FOR RANSOM

Sections: 364A, 365 IPC (Kidnapping for ransom, Abduction)

Complainant: Family of Kiran Desai
Accused: Divya Menon and unknown others
Victim: Kiran Desai

Complaint:
Kiran Desai was abducted by armed men while returning home from office. The family received a ransom call demanding ₹1,000,000 for the victim's release.

The callers threatened to kill Kiran Desai if police is informed. The voice in the ransom call was identified as that of Divya Menon, who had previous enmity with the victim's family.

This is a serious criminal case of kidnapping for ransom. Request immediate action to rescue the victim and arrest the perpetrators.",1
"FIR - CRIMINAL INTIMIDATION AND EXTORTION

Sections: 384, 506, 507 IPC (Extortion, Criminal Intimidation, Anonymous Threats)

Complainant: Ashok Bansal
Accused: Deepa Nair

Complaint:
The accused Deepa Nair has been threatening me and my family, demanding ₹500,000. The accused has sent threatening messages saying he will kill my children if I don't pay.

The accused is known to have criminal connections. I am under constant fear. The accused has also threatened to destroy my business if I approach the police.

Threat messages and call recordings are available as evidence. This is a criminal case of extortion and criminal intimidation. Request urgent action and protection for my family.",1
"CIVIL SUIT - EVICTION AND RENT RECOVERY

Plaintiff/Landlord: Vijay Saxena
Defendant/Tenant: Michael Fernandes
Monthly Rent: ₹25,000
Outstanding Rent: ₹75,000 (3 months)

Statement of Facts:
The plaintiff is the owner of the residential premises. The defendant has been a tenant since 2023 at a monthly rent of ₹25,000. 

The defendant has defaulted on rent payments for the last 3 months. Multiple verbal and written reminders have been ignored. The defendant has also caused damage to the property.

Relief Sought:
1. Eviction of the defendant from the premises
2. Recovery of outstanding rent of ₹75,000
3. Compensation for property damage
4. Future rent until actual eviction

This is a civil landlord-tenant dispute under the Rent Control Act.",0
"FIR - CRIMINAL FRAUD AND CHEATING

Sections: 420, 406, 468, 471 IPC (Cheating, Criminal Breach of Trust, Forgery)

Complainant: Sarah Thomas
Accused: Anita Reddy

Criminal Complaint:
The accused Anita Reddy cheated me of ₹5,000,000 through a fake job placement agency collecting registration fees. The accused made false promises and representations to induce me to invest/pay money.

After receiving the money, the accused absconded. Upon investigation, I found that the entire scheme was fraudulent and the documents provided by the accused were forged.

This is a clear case of criminal fraud and cheating. The accused has deliberately deceived me with dishonest intention. Request registration of FIR and arrest of the accused.",1
"FIR - NDPS ACT VIOLATION

Sections: 21, 22, 29 NDPS Act (Possession, Sale, Conspiracy)

Accused: Meera Iyer
Substance: methamphetamine
Quantity: 10 kilograms

Case Details:
Acting on intelligence input, a raid was conducted at the residence of the accused Meera Iyer. During search, 10 kilograms of methamphetamine was recovered along with packaging material and weighing scales.

The accused was caught red-handed in possession of commercial quantity of contraband. Mobile records reveal the accused was involved in drug distribution network.

This is a serious criminal offense under the NDPS Act. The accused has been arrested and produced before the Special Court.",1
"FIR - SEXUAL HARASSMENT

Sections: 354, 354A, 509 IPC (Assault/Criminal force with intent to outrage modesty, Sexual Harassment)

Complainant: Anita Reddy
Accused: Sarah Thomas
Location: office premises

Complaint:
The accused Sarah Thomas has been sexually harassing me at office premises. The harassment includes inappropriate touching, obscene remarks, and unwanted advances.

Despite clear rejection, the accused continued the harassment. The accused also threatened consequences if I reported the matter.

Statement of a witness has been recorded. This is a criminal case of sexual harassment under IPC. Request arrest of accused and appropriate protection measures.",1
"CONSUMER COMPLAINT

Complainant: Sunita Rao
Opposite Party: Quality Home Appliances
Product: television
Amount: ₹45,000

Complaint:
The complainant purchased a television from the opposite party for ₹45,000. Within weeks of purchase, the product developed a major defect. Despite multiple complaints, neither repair nor replacement was provided.

The opposite party's service center has been unresponsive. The warranty claim was rejected citing frivolous reasons.

This is a consumer dispute under the Consumer Protection Act. The complainant seeks replacement of the defective product, compensation for mental agony, and litigation costs.

Prayer: Replacement/refund of ₹45,000 plus ₹50,000 as compensation.",0
"CRIMINAL INVESTIGATION - FINANCIAL FRAUD

Accused: Priya Singh
Victims: Anil Kapoor and others
Total Amount: ₹10,000,000+

Investigation established that the accused ran a ponzi scheme disguised as trading platform, collecting money from multiple victims with false promises. 

The accused used fake identity documents and opened bank accounts for laundering the defrauded money. This is a case of organized financial crime.

Sections: 420 (Cheating), 406 (Criminal breach of trust), 34 (Common intention) IPC

The accused is a habitual offender. Criminal prosecution recommended.",1
"DOMESTIC VIOLENCE CASE - INVESTIGATION REPORT

Victim: Emily Brown
Accused: Neha Agarwal
Sections: 498A IPC, DV Act Sections 3, 12, 18

Investigation Findings:
Medical examination confirms multiple old and new injury marks on the victim consistent with physical abuse. Neighbors confirmed hearing sounds of beating from the house regularly.

The accused has been habitually cruel to the victim demanding dowry. Text messages threatening dire consequences recovered from accused's phone.

This is a criminal domestic violence case. Accused arrested. Protection order issued for victim. Criminal trial to proceed.",1
"CHARGE SHEET - ATTEMPT TO MURDER

Sections: 307, 324 IPC (Attempt to Murder, Voluntarily causing hurt by dangerous weapon)

Accused: Meera Iyer
Victim: Michael Fernandes

Facts:
The accused Meera Iyer made a deliberate attempt on the life of Michael Fernandes by attacking with a knife. The victim sustained life-threatening injuries and was hospitalized for weeks.

Evidence:
- Medical report confirming injuries could have been fatal
- Murder weapon recovered
- Eyewitness testimony
- Motive established (property dispute)

This constitutes attempted murder under Section 307 IPC. The accused acted with clear intention to kill. Trial in Sessions Court recommended.",1
"FIR - KIDNAPPING FOR RANSOM

Sections: 364A, 365 IPC (Kidnapping for ransom, Abduction)

Complainant: Family of Neha Agarwal
Accused: Rohit Bhatia and unknown others
Victim: Neha Agarwal

Complaint:
Neha Agarwal was abducted by armed men while returning home from office. The family received a ransom call demanding ₹1,000,000 for the victim's release.

The callers threatened to kill Neha Agarwal if police is informed. The voice in the ransom call was identified as that of Rohit Bhatia, who had previous enmity with the victim's family.

This is a serious criminal case of kidnapping for ransom. Request immediate action to rescue the victim and arrest the perpetrators.",1
"WRONGFUL TERMINATION CASE

Employee: Suresh Kumar
Employer: Digital Dreams Inc

The employee was terminated without following due process. No show-cause notice was issued. The termination letter cited ""performance issues"" but no performance improvement plan was ever discussed.

Outstanding Dues:
- Unpaid salary: ₹150,000
- Notice period pay: ₹50,000
- Earned leave encashment: ₹25,000

This is a civil matter for wrongful termination and recovery of dues. To be filed before the Labor Commissioner.",0
"WRONGFUL TERMINATION CASE

Employee: Kiran Desai
Employer: Business Systems Pvt Ltd

The employee was terminated without following due process. No show-cause notice was issued. The termination letter cited ""performance issues"" but no performance improvement plan was ever discussed.

Outstanding Dues:
- Unpaid salary: ₹625,000
- Notice period pay: ₹125,000
- Earned leave encashment: ₹62,500

This is a civil matter for wrongful termination and recovery of dues. To be filed before the Labor Commissioner.",0
"FAMILY COURT MATTER - MAINTENANCE

Applicant: Emily Brown
Respondent: Vijay Saxena

Application for interim maintenance under Section 125 CrPC.

The applicant and respondent are legally married. The respondent has deserted the applicant and is not providing any financial support. The applicant has no independent source of income.

Prayer: Monthly maintenance of ₹50,000 pending divorce proceedings.

Note: This is a civil matrimonial dispute regarding maintenance and not a criminal matter.",0
"CIVIL SUIT - EVICTION AND RENT RECOVERY

Plaintiff/Landlord: Amit Verma
Defendant/Tenant: Meera Iyer
Monthly Rent: ₹25,000
Outstanding Rent: ₹125,000 (5 months)

Statement of Facts:
The plaintiff is the owner of the residential premises. The defendant has been a tenant since 2023 at a monthly rent of ₹25,000. 

The defendant has defaulted on rent payments for the last 5 months. Multiple verbal and written reminders have been ignored. The defendant has also caused damage to the property.

Relief Sought:
1. Eviction of the defendant from the premises
2. Recovery of outstanding rent of ₹125,000
3. Compensation for property damage
4. Future rent until actual eviction

This is a civil landlord-tenant dispute under the Rent Control Act.",0
"DEMAND NOTICE - BREACH OF CONTRACT

To: Sanjay Mehta

Subject: Legal Notice for Recovery of ₹500,000

This notice is being sent on behalf of my client Sarah Thomas.

My client had engaged your services for construction project. A written contract was executed and advance payment of ₹300,000 was made.

You have failed to deliver the services as agreed. My client demands:
1. Immediate refund of advance payment
2. Compensation for losses suffered

If we do not receive satisfactory response within 15 days, we shall be constrained to initiate civil proceedings against you. This is a civil dispute - treat this notice seriously.",0
"CIVIL SUIT FOR BREACH OF CONTRACT

Plaintiff: Emily Brown
Defendant: Arjun Nath
Amount in Dispute: ₹500,000

Statement of Claim:
The plaintiff entered into a contract with the defendant for wedding photography on agreed terms. The total contract value was ₹500,000, of which the plaintiff has already paid 60% as advance.

The defendant has failed to complete the work as per the agreed specifications and timeline. Despite multiple reminders, the defendant has neither completed the work nor refunded the advance amount.

The plaintiff seeks recovery of ₹300,000 paid as advance, along with damages for mental harassment and legal costs.

This is a civil matter arising from breach of commercial contract.",0
"TENANT DISPUTE SUMMARY

Sanjay Mehta has been occupying the property owned by Ashok Bansal and has failed to pay rent for 4 consecutive months, totaling ₹60,000.

The tenant also refuses to vacate the premises despite the lease agreement having expired. This constitutes a civil dispute regarding rental arrears and unlawful occupation.

Recommended action: File civil suit for eviction and recovery. No criminal element as this is a contractual tenancy matter.",0
"FIR - DOMESTIC VIOLENCE

Sections: 498A, 323, 506 IPC (Cruelty, Assault, Criminal Intimidation)
Protection of Women from Domestic Violence Act

Complainant: Neha Agarwal
Accused: Rohit Bhatia (Husband)

Complaint:
The complainant Neha Agarwal has been subjected to continuous physical and mental torture by husband Rohit Bhatia. The accused regularly beats the complainant, often under the influence of alcohol.

Injuries: Multiple bruises, burn marks on arms, psychological trauma

The accused demands additional dowry and threatens to kill if family doesn't pay. This has been ongoing for the past two years. The complainant fears for her life.

This is a criminal case of domestic violence and marital cruelty. Request arrest of accused and protection for complainant.",1
"CHARGE SHEET - ATTEMPT TO MURDER

Sections: 307, 324 IPC (Attempt to Murder, Voluntarily causing hurt by dangerous weapon)

Accused: Emily Brown
Victim: Priya Singh

Facts:
The accused Emily Brown made a deliberate attempt on the life of Priya Singh by attacking with a knife. The victim sustained life-threatening injuries and was hospitalized for weeks.

Evidence:
- Medical report confirming injuries could have been fatal
- Murder weapon recovered
- Eyewitness testimony
- Motive established (property dispute)

This constitutes attempted murder under Section 307 IPC. The accused acted with clear intention to kill. Trial in Sessions Court recommended.",1
"CHARGE SHEET - DRUG TRAFFICKING

Accused: Deepa Nair
Sections: 21(c), 29 NDPS Act (Commercial quantity, Conspiracy)

Investigation established that the accused Deepa Nair was running a drug trafficking operation. 500 grams of methamphetamine was seized from the accused.

Evidence:
- Contraband recovered and sealed
- Chemical analysis report confirming substance
- Financial trail showing drug money
- Statements of buyers identifying accused

This is a criminal case involving commercial quantity narcotic substances. Recommend prosecution in Special NDPS Court.",1
"INVESTIGATION REPORT - ABDUCTION CASE

Case: Kidnapping of Pooja Malhotra
Prime Accused: Suresh Kumar
Sections: 364, 368 IPC (Kidnapping, Wrongfully concealing abducted person)

Investigation Summary:
The victim Pooja Malhotra was kidnapped from outside their residence. The accused Suresh Kumar was part of the kidnapping gang that held the victim captive for 5 days.

Ransom of ₹2,500,000 was demanded. Through technical surveillance, the hideout was located and the victim was rescued. The accused was arrested from the spot.

This is a criminal case of kidnapping and wrongful confinement. Charge sheet prepared for trial.",1
"CYBER CRIME COMPLAINT - ONLINE FRAUD

Sections: 420 IPC, Section 66D IT Act

Victim: Suresh Kumar
Accused/Suspect: David Wilson
Amount Defrauded: ₹5,000,000

Details of Cyber Fraud:
The accused operated a ponzi scheme disguised as trading platform. The victim was contacted through social media and convinced to transfer money with promises of high returns.

Multiple transactions were made to the accused's bank account. After collecting ₹5,000,000, the accused blocked all communication and disappeared.

Evidence: Bank statements, WhatsApp chats, Email correspondence

This is a criminal case of cyber fraud under IPC and IT Act. Request urgent action.",1
"WRONGFUL TERMINATION CASE

Employee: Rahul Khanna
Employer: Tech Innovations Corp

The employee was terminated without following due process. No show-cause notice was issued. The termination letter cited ""performance issues"" but no performance improvement plan was ever discussed.

Outstanding Dues:
- Unpaid salary: ₹100,000
- Notice period pay: ₹50,000
- Earned leave encashment: ₹25,000

This is a civil matter for wrongful termination and recovery of dues. To be filed before the Labor Commissioner.",0
"CYBER CRIME COMPLAINT - ONLINE FRAUD

Sections: 420 IPC, Section 66D IT Act

Victim: Manoj Tiwari
Accused/Suspect: Kiran Desai
Amount Defrauded: ₹500,000

Details of Cyber Fraud:
The accused operated a fraudulent loan approval scheme. The victim was contacted through social media and convinced to transfer money with promises of high returns.

Multiple transactions were made to the accused's bank account. After collecting ₹500,000, the accused blocked all communication and disappeared.

Evidence: Bank statements, WhatsApp chats, Email correspondence

This is a criminal case of cyber fraud under IPC and IT Act. Request urgent action.",1
"WRONGFUL TERMINATION CASE

Employee: Ashok Bansal
Employer: ABC Technologies Pvt Ltd

The employee was terminated without following due process. No show-cause notice was issued. The termination letter cited ""performance issues"" but no performance improvement plan was ever discussed.

Outstanding Dues:
- Unpaid salary: ₹150,000
- Notice period pay: ₹50,000
- Earned leave encashment: ₹25,000

This is a civil matter for wrongful termination and recovery of dues. To be filed before the Labor Commissioner.",0
"DEFICIENCY IN SERVICE - CONSUMER MATTER

Consumer: Divya Menon
Service Provider: Super Gadgets Ltd
Amount Paid: ₹25,000

The consumer availed services from the opposite party but the services rendered were grossly deficient. The opposite party failed to meet the promised standards and specifications.

Multiple complaints were made but no satisfactory resolution was provided. This constitutes deficiency in service under consumer law.

This is a civil consumer dispute. Seeking refund and compensation through Consumer Forum.",0
"FIR - FORGERY AND FRAUD

Sections: 465, 467, 468, 471 IPC (Forgery, Forgery of valuable security, Using forged document as genuine)

Complainant: Sanjay Mehta
Accused: Pooja Malhotra

Criminal Complaint:
The accused Pooja Malhotra has forged property registration documents pretending to be me/act on my behalf. Using these forged documents, the accused fraudulently transferred property/funds.

The signature on the documents is not mine - this can be verified through handwriting analysis. The accused took advantage of my absence from the country to commit this fraud.

This is a case of criminal forgery and fraud. The accused should be arrested and the fraudulent transactions reversed.",1
"FAMILY COURT MATTER - MAINTENANCE

Applicant: Swati Pillai
Respondent: Rahul Khanna

Application for interim maintenance under Section 125 CrPC.

The applicant and respondent are legally married. The respondent has deserted the applicant and is not providing any financial support. The applicant has no independent source of income.

Prayer: Monthly maintenance of ₹50,000 pending divorce proceedings.

Note: This is a civil matrimonial dispute regarding maintenance and not a criminal matter.",0
"MATRIMONIAL DISPUTE - DIVORCE PETITION

Petitioner: Divya Menon
Respondent: Ashok Bansal

Type: Divorce Petition under Hindu Marriage Act

Facts:
The parties were married in 2019. Due to irreconcilable differences and temperamental incompatibility, the marriage has irretrievably broken down. The parties have been living separately for over two years.

There are disputes regarding:
1. Division of matrimonial property
2. Custody of minor child
3. Maintenance/alimony

This is a civil family matter. The petitioner seeks dissolution of marriage and fair settlement of matrimonial property. Mediation has been attempted but failed.",0
"INVESTIGATION REPORT - ABDUCTION CASE

Case: Kidnapping of Neha Agarwal
Prime Accused: Meera Iyer
Sections: 364, 368 IPC (Kidnapping, Wrongfully concealing abducted person)

Investigation Summary:
The victim Neha Agarwal was kidnapped from outside their residence. The accused Meera Iyer was part of the kidnapping gang that held the victim captive for 5 days.

Ransom of ₹10,000,000 was demanded. Through technical surveillance, the hideout was located and the victim was rescued. The accused was arrested from the spot.

This is a criminal case of kidnapping and wrongful confinement. Charge sheet prepared for trial.",1
"CYBER CRIME COMPLAINT - ONLINE FRAUD

Sections: 420 IPC, Section 66D IT Act

Victim: Sunita Rao
Accused/Suspect: Suresh Kumar
Amount Defrauded: ₹2,500,000

Details of Cyber Fraud:
The accused operated a ponzi scheme disguised as trading platform. The victim was contacted through social media and convinced to transfer money with promises of high returns.

Multiple transactions were made to the accused's bank account. After collecting ₹2,500,000, the accused blocked all communication and disappeared.

Evidence: Bank statements, WhatsApp chats, Email correspondence

This is a criminal case of cyber fraud under IPC and IT Act. Request urgent action.",1
"CIVIL SUIT - EVICTION AND RENT RECOVERY

Plaintiff/Landlord: Divya Menon
Defendant/Tenant: Sunita Rao
Monthly Rent: ₹50,000
Outstanding Rent: ₹250,000 (5 months)

Statement of Facts:
The plaintiff is the owner of the residential premises. The defendant has been a tenant since 2023 at a monthly rent of ₹50,000. 

The defendant has defaulted on rent payments for the last 5 months. Multiple verbal and written reminders have been ignored. The defendant has also caused damage to the property.

Relief Sought:
1. Eviction of the defendant from the premises
2. Recovery of outstanding rent of ₹250,000
3. Compensation for property damage
4. Future rent until actual eviction

This is a civil landlord-tenant dispute under the Rent Control Act.",0
"FIR - SEXUAL HARASSMENT

Sections: 354, 354A, 509 IPC (Assault/Criminal force with intent to outrage modesty, Sexual Harassment)

Complainant: Neha Agarwal
Accused: Pooja Malhotra
Location: workplace

Complaint:
The accused Pooja Malhotra has been sexually harassing me at workplace. The harassment includes inappropriate touching, obscene remarks, and unwanted advances.

Despite clear rejection, the accused continued the harassment. The accused also threatened consequences if I reported the matter.

Statement of a witness has been recorded. This is a criminal case of sexual harassment under IPC. Request arrest of accused and appropriate protection measures.",1
"DOMESTIC VIOLENCE CASE - INVESTIGATION REPORT

Victim: Kavita Gupta
Accused: Kiran Desai
Sections: 498A IPC, DV Act Sections 3, 12, 18

Investigation Findings:
Medical examination confirms multiple old and new injury marks on the victim consistent with physical abuse. Neighbors confirmed hearing sounds of beating from the house regularly.

The accused has been habitually cruel to the victim demanding dowry. Text messages threatening dire consequences recovered from accused's phone.

This is a criminal domestic violence case. Accused arrested. Protection order issued for victim. Criminal trial to proceed.",1
"POSH COMMITTEE TO POLICE COMPLAINT

Complaint Transfer: Internal Committee to Police Station
Sections: 354A IPC (Sexual Harassment)

Accused Employee: Emily Brown
Victim: Meera Iyer

The Internal Complaints Committee (ICC) investigated allegations of sexual harassment at college campus. The Committee found prima facie case of severe sexual harassment warranting criminal action.

Evidence examined:
- Email and message evidence
- Testimony of complainant and witnesses
- CCTV footage

This criminal matter is being forwarded to police for FIR registration and prosecution under appropriate IPC sections.",1
"FIR - FORGERY AND FRAUD

Sections: 465, 467, 468, 471 IPC (Forgery, Forgery of valuable security, Using forged document as genuine)

Complainant: Sanjay Mehta
Accused: Rekha Joshi

Criminal Complaint:
The accused Rekha Joshi has forged property registration documents pretending to be me/act on my behalf. Using these forged documents, the accused fraudulently transferred property/funds.

The signature on the documents is not mine - this can be verified through handwriting analysis. The accused took advantage of my absence from the country to commit this fraud.

This is a case of criminal forgery and fraud. The accused should be arrested and the fraudulent transactions reversed.",1
"MATRIMONIAL DISPUTE - DIVORCE PETITION

Petitioner: Divya Menon
Respondent: Manoj Tiwari

Type: Divorce Petition under Hindu Marriage Act

Facts:
The parties were married in 2019. Due to irreconcilable differences and temperamental incompatibility, the marriage has irretrievably broken down. The parties have been living separately for over two years.

There are disputes regarding:
1. Division of matrimonial property
2. Custody of minor child
3. Maintenance/alimony

This is a civil family matter. The petitioner seeks dissolution of marriage and fair settlement of matrimonial property. Mediation has been attempted but failed.",0
"FIR - DOMESTIC VIOLENCE

Sections: 498A, 323, 506 IPC (Cruelty, Assault, Criminal Intimidation)
Protection of Women from Domestic Violence Act

Complainant: Pooja Malhotra
Accused: Kiran Desai (Husband)

Complaint:
The complainant Pooja Malhotra has been subjected to continuous physical and mental torture by husband Kiran Desai. The accused regularly beats the complainant, often under the influence of alcohol.

Injuries: Multiple bruises, burn marks on arms, psychological trauma

The accused demands additional dowry and threatens to kill if family doesn't pay. This has been ongoing for the past two years. The complainant fears for her life.

This is a criminal case of domestic violence and marital cruelty. Request arrest of accused and protection for complainant.",1
"FAMILY COURT MATTER - MAINTENANCE

Applicant: Sunita Rao
Respondent: Manoj Tiwari

Application for interim maintenance under Section 125 CrPC.

The applicant and respondent are legally married. The respondent has deserted the applicant and is not providing any financial support. The applicant has no independent source of income.

Prayer: Monthly maintenance of ₹50,000 pending divorce proceedings.

Note: This is a civil matrimonial dispute regarding maintenance and not a criminal matter.",0
"CASE INFORMATION - CIVIL SUIT

Court: Bangalore City Civil Court
Case Number: CIV-2025-7735
Case Type: Civil Case (Recovery of Money)
Filing Date: April 28, 2025

Parties:
Plaintiff: Mr./Ms. Sarah Thomas
Defendant: Mr./Ms. Pooja Malhotra

Case Summary: The plaintiff, Sarah Thomas, has filed a suit for the recovery of ₹75,000 from the defendant, Pooja Malhotra. The plaintiff alleges that the loan was extended via a written promissory note with a repayment deadline that has passed. The defendant has failed to repay the amount by the stipulated date.

Current Status: Pending - Summons issued to the defendant.",0
"LAWYER NOTES - EVICTION MATTER

Client: Sunita Rao (Landlord)
Opponent: Rohit Bhatia (Tenant)

Facts:
- Tenancy since 2023, rent ₹35,000/month
- Non-payment of rent for 6 months = ₹210,000
- Tenant not vacating despite notice

Documents:
- Rent agreement (registered)
- Rent receipts showing default
- Legal notice sent (with acknowledgment)

Strategy: File eviction suit in Rent Controller court. This is purely civil in nature. Seek eviction + rent arrears + damages. Estimated timeline: 6-12 months.",0
"FIR - CRIMINAL FRAUD AND CHEATING

Sections: 420, 406, 468, 471 IPC (Cheating, Criminal Breach of Trust, Forgery)

Complainant: Meera Iyer
Accused: Kiran Desai

Criminal Complaint:
The accused Kiran Desai cheated me of ₹10,000,000 through a fraudulent property sale with forged documents. The accused made false promises and representations to induce me to invest/pay money.

After receiving the money, the accused absconded. Upon investigation, I found that the entire scheme was fraudulent and the documents provided by the accused were forged.

This is a clear case of criminal fraud and cheating. The accused has deliberately deceived me with dishonest intention. Request registration of FIR and arrest of the accused.",1
"FIR - DOMESTIC VIOLENCE

Sections: 498A, 323, 506 IPC (Cruelty, Assault, Criminal Intimidation)
Protection of Women from Domestic Violence Act

Complainant: Sarah Thomas
Accused: Ritu Sharma (Husband)

Complaint:
The complainant Sarah Thomas has been subjected to continuous physical and mental torture by husband Ritu Sharma. The accused regularly beats the complainant, often under the influence of alcohol.

Injuries: Multiple bruises, burn marks on arms, psychological trauma

The accused demands additional dowry and threatens to kill if family doesn't pay. This has been ongoing for the past two years. The complainant fears for her life.

This is a criminal case of domestic violence and marital cruelty. Request arrest of accused and protection for complainant.",1
"FAMILY COURT MATTER - MAINTENANCE

Applicant: Rekha Joshi
Respondent: Michael Fernandes

Application for interim maintenance under Section 125 CrPC.

The applicant and respondent are legally married. The respondent has deserted the applicant and is not providing any financial support. The applicant has no independent source of income.

Prayer: Monthly maintenance of ₹50,000 pending divorce proceedings.

Note: This is a civil matrimonial dispute regarding maintenance and not a criminal matter.",0
"CRIMINAL CASE - HOMICIDE

Case Type: Murder (Section 302 IPC)
Accused: Rekha Joshi
Victim/Deceased: Ashok Bansal

The accused Rekha Joshi has been charged with the murder of Ashok Bansal. Investigation reveals the accused poisoned the victim's food over several days, leading to death.

Forensic Evidence:
- Poison traces found in victim's body
- Purchase records linking accused to poison
- Life insurance policy naming accused as beneficiary

This is a case of planned criminal homicide for financial gain. The accused should be prosecuted for murder.",1
"FIR - NDPS ACT VIOLATION

Sections: 21, 22, 29 NDPS Act (Possession, Sale, Conspiracy)

Accused: Manoj Tiwari
Substance: MDMA
Quantity: 100 grams

Case Details:
Acting on intelligence input, a raid was conducted at the residence of the accused Manoj Tiwari. During search, 100 grams of MDMA was recovered along with packaging material and weighing scales.

The accused was caught red-handed in possession of commercial quantity of contraband. Mobile records reveal the accused was involved in drug distribution network.

This is a serious criminal offense under the NDPS Act. The accused has been arrested and produced before the Special Court.",1
"FIR - CRIMINAL FRAUD AND CHEATING

Sections: 420, 406, 468, 471 IPC (Cheating, Criminal Breach of Trust, Forgery)

Complainant: Rohit Bhatia
Accused: Rahul Khanna

Criminal Complaint:
The accused Rahul Khanna cheated me of ₹10,000,000 through a fake job placement agency collecting registration fees. The accused made false promises and representations to induce me to invest/pay money.

After receiving the money, the accused absconded. Upon investigation, I found that the entire scheme was fraudulent and the documents provided by the accused were forged.

This is a clear case of criminal fraud and cheating. The accused has deliberately deceived me with dishonest intention. Request registration of FIR and arrest of the accused.",1
"DEMAND NOTICE - BREACH OF CONTRACT

To: Priya Singh

Subject: Legal Notice for Recovery of ₹500,000

This notice is being sent on behalf of my client Kiran Desai.

My client had engaged your services for software development. A written contract was executed and advance payment of ₹300,000 was made.

You have failed to deliver the services as agreed. My client demands:
1. Immediate refund of advance payment
2. Compensation for losses suffered

If we do not receive satisfactory response within 15 days, we shall be constrained to initiate civil proceedings against you. This is a civil dispute - treat this notice seriously.",0
"FIR - NDPS ACT VIOLATION

Sections: 21, 22, 29 NDPS Act (Possession, Sale, Conspiracy)

Accused: Anil Kapoor
Substance: heroin
Quantity: 5 kilograms

Case Details:
Acting on intelligence input, a raid was conducted at the residence of the accused Anil Kapoor. During search, 5 kilograms of heroin was recovered along with packaging material and weighing scales.

The accused was caught red-handed in possession of commercial quantity of contraband. Mobile records reveal the accused was involved in drug distribution network.

This is a serious criminal offense under the NDPS Act. The accused has been arrested and produced before the Special Court.",1
"INVESTIGATION REPORT - ABDUCTION CASE

Case: Kidnapping of Ritu Sharma
Prime Accused: Neha Agarwal
Sections: 364, 368 IPC (Kidnapping, Wrongfully concealing abducted person)

Investigation Summary:
The victim Ritu Sharma was kidnapped from outside their residence. The accused Neha Agarwal was part of the kidnapping gang that held the victim captive for 5 days.

Ransom of ₹10,000,000 was demanded. Through technical surveillance, the hideout was located and the victim was rescued. The accused was arrested from the spot.

This is a criminal case of kidnapping and wrongful confinement. Charge sheet prepared for trial.",1
"FAMILY COURT MATTER - MAINTENANCE

Applicant: Anita Reddy
Respondent: Amit Verma

Application for interim maintenance under Section 125 CrPC.

The applicant and respondent are legally married. The respondent has deserted the applicant and is not providing any financial support. The applicant has no independent source of income.

Prayer: Monthly maintenance of ₹50,000 pending divorce proceedings.

Note: This is a civil matrimonial dispute regarding maintenance and not a criminal matter.",0
"CIVIL SUIT FOR BREACH OF CONTRACT

Plaintiff: Kavita Gupta
Defendant: David Wilson
Amount in Dispute: ₹1,000,000

Statement of Claim:
The plaintiff entered into a contract with the defendant for home renovation on agreed terms. The total contract value was ₹1,000,000, of which the plaintiff has already paid 60% as advance.

The defendant has failed to complete the work as per the agreed specifications and timeline. Despite multiple reminders, the defendant has neither completed the work nor refunded the advance amount.

The plaintiff seeks recovery of ₹600,000 paid as advance, along with damages for mental harassment and legal costs.

This is a civil matter arising from breach of commercial contract.",0
"LAWYER NOTES - PROPERTY MATTER

Client: Sarah Thomas

Issue: Boundary dispute with neighbor Rekha Joshi. Client's property survey shows encroachment of approximately 100 sq. ft. by the defendant's new construction.

Evidence Available:
1. Original sale deed showing clear boundaries
2. Recent survey report by licensed surveyor
3. Photographs showing encroachment
4. Witness statements from other neighbors

Strategy: File civil suit for mandatory injunction. This is purely a civil matter - no criminal trespass as there's a genuine boundary dispute. Seek removal of encroachment plus compensation.",0
"INVESTIGATION REPORT - ROBBERY CASE

Case: Robbery at residence of Rekha Joshi
Accused: Swati Pillai
Sections: 392, 397 IPC (Robbery, Dacoity with attempt to cause death)

Investigation Findings:
The accused Swati Pillai along with two others broke into the victim's house while the family was asleep. They threatened the family members with weapons and robbed gold jewelry worth ₹5,00,000.

Evidence:
- Victim's statement recorded
- Stolen items recovered from accused's possession
- Weapons recovered
- Confession statement of accused

This is a criminal case of robbery. The accused has been arrested. Charge sheet being filed for trial.",1
"CASE INFORMATION - CIVIL SUIT

Court: Patiala House Courts, New Delhi
Case Number: CIV-2025-2403
Case Type: Civil Case (Recovery of Money)
Filing Date: April 27, 2025

Parties:
Plaintiff: Mr./Ms. Deepa Nair
Defendant: Mr./Ms. Swati Pillai

Case Summary: The plaintiff, Deepa Nair, has filed a suit for the recovery of ₹150,000 from the defendant, Swati Pillai. The plaintiff alleges that the loan was extended via a written promissory note with a repayment deadline that has passed. The defendant has failed to repay the amount by the stipulated date.

Current Status: Pending - Summons issued to the defendant.",0
"CIVIL SUIT FOR BREACH OF CONTRACT

Plaintiff: Deepa Nair
Defendant: Suresh Kumar
Amount in Dispute: ₹1,000,000

Statement of Claim:
The plaintiff entered into a contract with the defendant for wedding photography on agreed terms. The total contract value was ₹1,000,000, of which the plaintiff has already paid 60% as advance.

The defendant has failed to complete the work as per the agreed specifications and timeline. Despite multiple reminders, the defendant has neither completed the work nor refunded the advance amount.

The plaintiff seeks recovery of ₹600,000 paid as advance, along with damages for mental harassment and legal costs.

This is a civil matter arising from breach of commercial contract.",0
"FAMILY COURT MATTER - MAINTENANCE

Applicant: Ritu Sharma
Respondent: Raj Sharma

Application for interim maintenance under Section 125 CrPC.

The applicant and respondent are legally married. The respondent has deserted the applicant and is not providing any financial support. The applicant has no independent source of income.

Prayer: Monthly maintenance of ₹50,000 pending divorce proceedings.

Note: This is a civil matrimonial dispute regarding maintenance and not a criminal matter.",0
"FAMILY COURT MATTER - MAINTENANCE

Applicant: Deepa Nair
Respondent: Suresh Kumar

Application for interim maintenance under Section 125 CrPC.

The applicant and respondent are legally married. The respondent has deserted the applicant and is not providing any financial support. The applicant has no independent source of income.

Prayer: Monthly maintenance of ₹50,000 pending divorce proceedings.

Note: This is a civil matrimonial dispute regarding maintenance and not a criminal matter.",0
"CASE INFORMATION - CIVIL SUIT

Court: Sessions Court Mumbai
Case Number: CIV-2025-6635
Case Type: Civil Case (Recovery of Money)
Filing Date: May 9, 2025

Parties:
Plaintiff: Mr./Ms. Amit Verma
Defendant: Mr./Ms. Pooja Malhotra

Case Summary: The plaintiff, Amit Verma, has filed a suit for the recovery of ₹25,000 from the defendant, Pooja Malhotra. The plaintiff alleges that the loan was extended via a written promissory note with a repayment deadline that has passed. The defendant has failed to repay the amount by the stipulated date.

Current Status: Pending - Summons issued to the defendant.",0
"DEFICIENCY IN SERVICE - CONSUMER MATTER

Consumer: John D'Souza
Service Provider: Super Gadgets Ltd
Amount Paid: ₹500,000

The consumer availed services from the opposite party but the services rendered were grossly deficient. The opposite party failed to meet the promised standards and specifications.

Multiple complaints were made but no satisfactory resolution was provided. This constitutes deficiency in service under consumer law.

This is a civil consumer dispute. Seeking refund and compensation through Consumer Forum.",0
"CHARGE SHEET - DRUG TRAFFICKING

Accused: Kavita Gupta
Sections: 21(c), 29 NDPS Act (Commercial quantity, Conspiracy)

Investigation established that the accused Kavita Gupta was running a drug trafficking operation. 100 grams of cannabis/ganja was seized from the accused.

Evidence:
- Contraband recovered and sealed
- Chemical analysis report confirming substance
- Financial trail showing drug money
- Statements of buyers identifying accused

This is a criminal case involving commercial quantity narcotic substances. Recommend prosecution in Special NDPS Court.",1
"CRIMINAL EXTORTION CASE

Accused: John D'Souza
Victim: Neha Agarwal
Sections: 384, 385 IPC (Extortion, Attempt to Extort)

The accused John D'Souza has been running an extortion racket. Multiple victims including Neha Agarwal have been threatened and forced to pay money.

Evidence:
- Recorded threatening phone calls
- WhatsApp messages with death threats
- Bank transfers under duress
- Multiple victim statements

This is organized criminal extortion. The accused has prior criminal records. Recommend arrest and prosecution.",1
"PROMISSORY NOTE

Loan Amount: ₹500,000

FOR VALUE RECEIVED, the undersigned, Priya Singh (the ""Borrower""), promises to pay to the order of Rohit Bhatia (the ""Lender"") the principal sum of ₹500,000.

TERMS OF REPAYMENT: The full amount is to be repaid within six months from the date of this note. No interest shall be accrued if paid by the due date.

Signature of Borrower: Priya Singh

Note: The borrower has not repaid the amount despite multiple reminders. This matter is being taken to civil court for recovery.",0
"FAMILY COURT MATTER - MAINTENANCE

Applicant: Anita Reddy
Respondent: Sanjay Mehta

Application for interim maintenance under Section 125 CrPC.

The applicant and respondent are legally married. The respondent has deserted the applicant and is not providing any financial support. The applicant has no independent source of income.

Prayer: Monthly maintenance of ₹50,000 pending divorce proceedings.

Note: This is a civil matrimonial dispute regarding maintenance and not a criminal matter.",0
"CONSUMER COMPLAINT

Complainant: Pooja Malhotra
Opposite Party: Super Gadgets Ltd
Product: air conditioner
Amount: ₹75,000

Complaint:
The complainant purchased a air conditioner from the opposite party for ₹75,000. Within weeks of purchase, the product developed a major defect. Despite multiple complaints, neither repair nor replacement was provided.

The opposite party's service center has been unresponsive. The warranty claim was rejected citing frivolous reasons.

This is a consumer dispute under the Consumer Protection Act. The complainant seeks replacement of the defective product, compensation for mental agony, and litigation costs.

Prayer: Replacement/refund of ₹75,000 plus ₹50,000 as compensation.",0
"CIVIL SUIT FOR BREACH OF CONTRACT

Plaintiff: Kavita Gupta
Defendant: Pooja Malhotra
Amount in Dispute: ₹100,000

Statement of Claim:
The plaintiff entered into a contract with the defendant for software development on agreed terms. The total contract value was ₹100,000, of which the plaintiff has already paid 60% as advance.

The defendant has failed to complete the work as per the agreed specifications and timeline. Despite multiple reminders, the defendant has neither completed the work nor refunded the advance amount.

The plaintiff seeks recovery of ₹60,000 paid as advance, along with damages for mental harassment and legal costs.

This is a civil matter arising from breach of commercial contract.",0
"WRONGFUL TERMINATION CASE

Employee: Vijay Saxena
Employer: Digital Dreams Inc

The employee was terminated without following due process. No show-cause notice was issued. The termination letter cited ""performance issues"" but no performance improvement plan was ever discussed.

Outstanding Dues:
- Unpaid salary: ₹150,000
- Notice period pay: ₹75,000
- Earned leave encashment: ₹37,500

This is a civil matter for wrongful termination and recovery of dues. To be filed before the Labor Commissioner.",0
"WRONGFUL TERMINATION CASE

Employee: Divya Menon
Employer: Digital Dreams Inc

The employee was terminated without following due process. No show-cause notice was issued. The termination letter cited ""performance issues"" but no performance improvement plan was ever discussed.

Outstanding Dues:
- Unpaid salary: ₹250,000
- Notice period pay: ₹50,000
- Earned leave encashment: ₹25,000

This is a civil matter for wrongful termination and recovery of dues. To be filed before the Labor Commissioner.",0
"LABOR DISPUTE - UNPAID WAGES

Petitioner: Amit Verma
Respondent: Global Services Ltd

Claim Details:
The petitioner was employed with the respondent company as a senior professional. The monthly salary was ₹125,000. 

The respondent has failed to pay salary for the last 5 months amounting to ₹625,000. Additionally, the respondent has not deposited the PF contributions.

The petitioner was asked to resign without any dues being cleared. This constitutes a civil labor dispute for recovery of unpaid wages and statutory dues.

Relief Sought: Recovery of ₹625,000 as unpaid salary plus PF dues and interest.",0
"EMAIL CORRESPONDENCE - EVIDENCE

From: Vijay Saxena
To: Manoj Tiwari
Subject: Reminder: Loan Repayment Overdue

Hi Manoj,
Hope you're well. I'm following up on the ₹25,000 loan. The due date has passed. Please let me know when I can expect the payment.

---
Reply from Manoj Tiwari:
I know, I'm sorry. Things have been difficult financially. Can you give me more time?

---
This constitutes civil matter for recovery of debt. No criminal elements present.",0
"FIR - CRIMINAL INTIMIDATION AND EXTORTION

Sections: 384, 506, 507 IPC (Extortion, Criminal Intimidation, Anonymous Threats)

Complainant: Vijay Saxena
Accused: Pooja Malhotra

Complaint:
The accused Pooja Malhotra has been threatening me and my family, demanding ₹1,000,000. The accused has sent threatening messages saying he will kill my children if I don't pay.

The accused is known to have criminal connections. I am under constant fear. The accused has also threatened to destroy my business if I approach the police.

Threat messages and call recordings are available as evidence. This is a criminal case of extortion and criminal intimidation. Request urgent action and protection for my family.",1
"LAWYER NOTES - EVICTION MATTER

Client: Manoj Tiwari (Landlord)
Opponent: Emily Brown (Tenant)

Facts:
- Tenancy since 2023, rent ₹35,000/month
- Non-payment of rent for 6 months = ₹210,000
- Tenant not vacating despite notice

Documents:
- Rent agreement (registered)
- Rent receipts showing default
- Legal notice sent (with acknowledgment)

Strategy: File eviction suit in Rent Controller court. This is purely civil in nature. Seek eviction + rent arrears + damages. Estimated timeline: 6-12 months.",0
"CRIMINAL EXTORTION CASE

Accused: Meera Iyer
Victim: Ashok Bansal
Sections: 384, 385 IPC (Extortion, Attempt to Extort)

The accused Meera Iyer has been running an extortion racket. Multiple victims including Ashok Bansal have been threatened and forced to pay money.

Evidence:
- Recorded threatening phone calls
- WhatsApp messages with death threats
- Bank transfers under duress
- Multiple victim statements

This is organized criminal extortion. The accused has prior criminal records. Recommend arrest and prosecution.",1
"LAWYER NOTES - EVICTION MATTER

Client: Rahul Khanna (Landlord)
Opponent: Sanjay Mehta (Tenant)

Facts:
- Tenancy since 2023, rent ₹20,000/month
- Non-payment of rent for 4 months = ₹80,000
- Tenant not vacating despite notice

Documents:
- Rent agreement (registered)
- Rent receipts showing default
- Legal notice sent (with acknowledgment)

Strategy: File eviction suit in Rent Controller court. This is purely civil in nature. Seek eviction + rent arrears + damages. Estimated timeline: 6-12 months.",0
"DEMAND NOTICE - BREACH OF CONTRACT

To: Kiran Desai

Subject: Legal Notice for Recovery of ₹1,000,000

This notice is being sent on behalf of my client Vikram Patel.

My client had engaged your services for interior design work. A written contract was executed and advance payment of ₹600,000 was made.

You have failed to deliver the services as agreed. My client demands:
1. Immediate refund of advance payment
2. Compensation for losses suffered

If we do not receive satisfactory response within 15 days, we shall be constrained to initiate civil proceedings against you. This is a civil dispute - treat this notice seriously.",0
"INVESTIGATION REPORT - ABDUCTION CASE

Case: Kidnapping of Deepa Nair
Prime Accused: Rekha Joshi
Sections: 364, 368 IPC (Kidnapping, Wrongfully concealing abducted person)

Investigation Summary:
The victim Deepa Nair was kidnapped from outside their residence. The accused Rekha Joshi was part of the kidnapping gang that held the victim captive for 5 days.

Ransom of ₹10,000,000 was demanded. Through technical surveillance, the hideout was located and the victim was rescued. The accused was arrested from the spot.

This is a criminal case of kidnapping and wrongful confinement. Charge sheet prepared for trial.",1
"CRIMINAL CASE - HOUSE BREAKING AND THEFT

Victim: Ashok Bansal
Accused: Meera Iyer

The accused Meera Iyer criminally trespassed into the locked house of the victim at night and committed theft of valuable items including gold jewelry worth ₹5,00,000.

This constitutes criminal offenses under IPC Sections 454 (House trespass), 457 (Lurking house-trespass by night), and 380 (Theft in dwelling house).

The accused has previous criminal history. Request stringent action. This is a serious criminal matter, not a civil dispute.",1
"CRIMINAL EXTORTION CASE

Accused: Meera Iyer
Victim: Priya Singh
Sections: 384, 385 IPC (Extortion, Attempt to Extort)

The accused Meera Iyer has been running an extortion racket. Multiple victims including Priya Singh have been threatened and forced to pay money.

Evidence:
- Recorded threatening phone calls
- WhatsApp messages with death threats
- Bank transfers under duress
- Multiple victim statements

This is organized criminal extortion. The accused has prior criminal records. Recommend arrest and prosecution.",1
"LAWYER NOTES - EVICTION MATTER

Client: Sarah Thomas (Landlord)
Opponent: Kavita Gupta (Tenant)

Facts:
- Tenancy since 2023, rent ₹35,000/month
- Non-payment of rent for 4 months = ₹140,000
- Tenant not vacating despite notice

Documents:
- Rent agreement (registered)
- Rent receipts showing default
- Legal notice sent (with acknowledgment)

Strategy: File eviction suit in Rent Controller court. This is purely civil in nature. Seek eviction + rent arrears + damages. Estimated timeline: 6-12 months.",0
"LAWYER NOTES - EVICTION MATTER

Client: Suresh Kumar (Landlord)
Opponent: Michael Fernandes (Tenant)

Facts:
- Tenancy since 2023, rent ₹50,000/month
- Non-payment of rent for 5 months = ₹250,000
- Tenant not vacating despite notice

Documents:
- Rent agreement (registered)
- Rent receipts showing default
- Legal notice sent (with acknowledgment)

Strategy: File eviction suit in Rent Controller court. This is purely civil in nature. Seek eviction + rent arrears + damages. Estimated timeline: 6-12 months.",0
"LAWYER NOTES - PROPERTY MATTER

Client: Vijay Saxena

Issue: Boundary dispute with neighbor Ritu Sharma. Client's property survey shows encroachment of approximately 100 sq. ft. by the defendant's new construction.

Evidence Available:
1. Original sale deed showing clear boundaries
2. Recent survey report by licensed surveyor
3. Photographs showing encroachment
4. Witness statements from other neighbors

Strategy: File civil suit for mandatory injunction. This is purely a civil matter - no criminal trespass as there's a genuine boundary dispute. Seek removal of encroachment plus compensation.",0
"FIR - CRIMINAL FRAUD AND CHEATING

Sections: 420, 406, 468, 471 IPC (Cheating, Criminal Breach of Trust, Forgery)

Complainant: Pooja Malhotra
Accused: Vijay Saxena

Criminal Complaint:
The accused Vijay Saxena cheated me of ₹5,000,000 through a fraudulent loan approval scheme. The accused made false promises and representations to induce me to invest/pay money.

After receiving the money, the accused absconded. Upon investigation, I found that the entire scheme was fraudulent and the documents provided by the accused were forged.

This is a clear case of criminal fraud and cheating. The accused has deliberately deceived me with dishonest intention. Request registration of FIR and arrest of the accused.",1
"CIVIL SUIT - PROPERTY DISPUTE

Court: Karkardooma District Court, Delhi
Case Type: Property/Land Dispute

Plaintiff: Arjun Nath
Defendant: Raj Sharma

Facts of the Case:
The plaintiff owns a residential property at 789 Green Road, Dwarka. The defendant, who is the neighbor, has unlawfully constructed a boundary wall that encroaches approximately 3 feet onto the plaintiff's land.

Despite multiple requests for removal of the encroachment, the defendant has refused to comply. The plaintiff seeks a mandatory injunction directing the defendant to demolish the encroaching construction and restore the land.

Relief Sought: Mandatory injunction for removal of encroachment and damages for illegal possession.",0
"CIVIL SUIT FOR BREACH OF CONTRACT

Plaintiff: David Wilson
Defendant: Anita Reddy
Amount in Dispute: ₹1,000,000

Statement of Claim:
The plaintiff entered into a contract with the defendant for catering services on agreed terms. The total contract value was ₹1,000,000, of which the plaintiff has already paid 60% as advance.

The defendant has failed to complete the work as per the agreed specifications and timeline. Despite multiple reminders, the defendant has neither completed the work nor refunded the advance amount.

The plaintiff seeks recovery of ₹600,000 paid as advance, along with damages for mental harassment and legal costs.

This is a civil matter arising from breach of commercial contract.",0
"CIVIL SUIT FOR BREACH OF CONTRACT

Plaintiff: Priya Singh
Defendant: Amit Verma
Amount in Dispute: ₹1,000,000

Statement of Claim:
The plaintiff entered into a contract with the defendant for software development on agreed terms. The total contract value was ₹1,000,000, of which the plaintiff has already paid 60% as advance.

The defendant has failed to complete the work as per the agreed specifications and timeline. Despite multiple reminders, the defendant has neither completed the work nor refunded the advance amount.

The plaintiff seeks recovery of ₹600,000 paid as advance, along with damages for mental harassment and legal costs.

This is a civil matter arising from breach of commercial contract.",0
"DEFICIENCY IN SERVICE - CONSUMER MATTER

Consumer: Amit Verma
Service Provider: Super Gadgets Ltd
Amount Paid: ₹500,000

The consumer availed services from the opposite party but the services rendered were grossly deficient. The opposite party failed to meet the promised standards and specifications.

Multiple complaints were made but no satisfactory resolution was provided. This constitutes deficiency in service under consumer law.

This is a civil consumer dispute. Seeking refund and compensation through Consumer Forum.",0
"LAWYER NOTES - CONFIDENTIAL

Client: Priya Singh (Plaintiff)
Matter: Recovery of ₹100,000 from Sanjay Mehta

Case Strategy:
Primary evidence is the signed promissory note. Very strong documentation.
The witness is reliable and willing to testify about the loan agreement.
Email chain shows Sanjay Mehta acknowledging the debt and failure to pay.
Our primary argument is a straightforward breach of contract.

Client Position: Firm on recovering the full amount. Not interested in settlement for a lesser sum at this stage. Feels betrayed as it was a personal loan to a friend.",0
"MATRIMONIAL DISPUTE - DIVORCE PETITION

Petitioner: Neha Agarwal
Respondent: Michael Fernandes

Type: Divorce Petition under Hindu Marriage Act

Facts:
The parties were married in 2019. Due to irreconcilable differences and temperamental incompatibility, the marriage has irretrievably broken down. The parties have been living separately for over two years.

There are disputes regarding:
1. Division of matrimonial property
2. Custody of minor child
3. Maintenance/alimony

This is a civil family matter. The petitioner seeks dissolution of marriage and fair settlement of matrimonial property. Mediation has been attempted but failed.",0
"CRIMINAL INVESTIGATION - FINANCIAL FRAUD

Accused: Anita Reddy
Victims: Vikram Patel and others
Total Amount: ₹10,000,000+

Investigation established that the accused ran a fraudulent property sale with forged documents, collecting money from multiple victims with false promises. 

The accused used fake identity documents and opened bank accounts for laundering the defrauded money. This is a case of organized financial crime.

Sections: 420 (Cheating), 406 (Criminal breach of trust), 34 (Common intention) IPC

The accused is a habitual offender. Criminal prosecution recommended.",1
"FIR - FIRST INFORMATION REPORT

Police Station: Central Police Station
FIR Number: 392/2025
Sections: 323, 324, 506 IPC (Assault, Causing Hurt, Criminal Intimidation)

Complainant: Vijay Saxena
Accused: Sunita Rao

Statement:
On the evening of Friday, at approximately 8 PM, the accused Sunita Rao attacked me near 202 Garden Path, Lajpat Nagar. 

The accused attacked me with a wooden stick causing injuries to my head and arms. He also threatened to kill me if I report to the police. I sustained bleeding injuries and was taken to the hospital.

This is a criminal case of assault and criminal intimidation. The accused should be arrested and prosecuted.",1
"DEFICIENCY IN SERVICE - CONSUMER MATTER

Consumer: Deepa Nair
Service Provider: Super Gadgets Ltd
Amount Paid: ₹25,000

The consumer availed services from the opposite party but the services rendered were grossly deficient. The opposite party failed to meet the promised standards and specifications.

Multiple complaints were made but no satisfactory resolution was provided. This constitutes deficiency in service under consumer law.

This is a civil consumer dispute. Seeking refund and compensation through Consumer Forum.",0
"FIR - SEXUAL HARASSMENT

Sections: 354, 354A, 509 IPC (Assault/Criminal force with intent to outrage modesty, Sexual Harassment)

Complainant: Sunita Rao
Accused: Ashok Bansal
Location: office premises

Complaint:
The accused Ashok Bansal has been sexually harassing me at office premises. The harassment includes inappropriate touching, obscene remarks, and unwanted advances.

Despite clear rejection, the accused continued the harassment. The accused also threatened consequences if I reported the matter.

Statement of a witness has been recorded. This is a criminal case of sexual harassment under IPC. Request arrest of accused and appropriate protection measures.",1
"CONSUMER COMPLAINT

Complainant: John D'Souza
Opposite Party: Best Electronics Store
Product: car
Amount: ₹45,000

Complaint:
The complainant purchased a car from the opposite party for ₹45,000. Within weeks of purchase, the product developed a major defect. Despite multiple complaints, neither repair nor replacement was provided.

The opposite party's service center has been unresponsive. The warranty claim was rejected citing frivolous reasons.

This is a consumer dispute under the Consumer Protection Act. The complainant seeks replacement of the defective product, compensation for mental agony, and litigation costs.

Prayer: Replacement/refund of ₹45,000 plus ₹50,000 as compensation.",0
"FIR - FIRST INFORMATION REPORT

Police Station: Central Police Station
FIR Number: 686/2025
Sections: 323, 324, 506 IPC (Assault, Causing Hurt, Criminal Intimidation)

Complainant: Neha Agarwal
Accused: Arjun Nath

Statement:
On the evening of Friday, at approximately 8 PM, the accused Arjun Nath attacked me near 234 Lake View, Vasant Kunj. 

The accused attacked me with a wooden stick causing injuries to my head and arms. He also threatened to kill me if I report to the police. I sustained bleeding injuries and was taken to the hospital.

This is a criminal case of assault and criminal intimidation. The accused should be arrested and prosecuted.",1
"FIR - CRIMINAL INTIMIDATION AND EXTORTION

Sections: 384, 506, 507 IPC (Extortion, Criminal Intimidation, Anonymous Threats)

Complainant: Manoj Tiwari
Accused: Priya Singh

Complaint:
The accused Priya Singh has been threatening me and my family, demanding ₹1,000,000. The accused has sent threatening messages saying he will kill my children if I don't pay.

The accused is known to have criminal connections. I am under constant fear. The accused has also threatened to destroy my business if I approach the police.

Threat messages and call recordings are available as evidence. This is a criminal case of extortion and criminal intimidation. Request urgent action and protection for my family.",1
"CHARGE SHEET - DRUG TRAFFICKING

Accused: Deepa Nair
Sections: 21(c), 29 NDPS Act (Commercial quantity, Conspiracy)

Investigation established that the accused Deepa Nair was running a drug trafficking operation. 10 kilograms of cocaine was seized from the accused.

Evidence:
- Contraband recovered and sealed
- Chemical analysis report confirming substance
- Financial trail showing drug money
- Statements of buyers identifying accused

This is a criminal case involving commercial quantity narcotic substances. Recommend prosecution in Special NDPS Court.",1
"FIR - MURDER CASE

Police Station: Crime Branch
FIR Number: 258/2025
Sections: 302, 201 IPC (Murder, Causing disappearance of evidence)

Deceased: Suresh Kumar
Accused: Deepa Nair

Case Summary:
The body of Suresh Kumar was found at the outskirts of the city. Post-mortem report confirms death due to stab wounds and strangulation. The victim was last seen with the accused Deepa Nair.

Investigation reveals the accused had ongoing disputes with the deceased over financial matters. Mobile records and witnesses place the accused at the crime scene.

This is a case of premeditated murder. The accused Deepa Nair has been arrested. Charge sheet being prepared for trial in Sessions Court.",1
"FIR - SEXUAL HARASSMENT

Sections: 354, 354A, 509 IPC (Assault/Criminal force with intent to outrage modesty, Sexual Harassment)

Complainant: Swati Pillai
Accused: Michael Fernandes
Location: college campus

Complaint:
The accused Michael Fernandes has been sexually harassing me at college campus. The harassment includes inappropriate touching, obscene remarks, and unwanted advances.

Despite clear rejection, the accused continued the harassment. The accused also threatened consequences if I reported the matter.

Statement of a witness has been recorded. This is a criminal case of sexual harassment under IPC. Request arrest of accused and appropriate protection measures.",1
"CASE INFORMATION - CIVIL SUIT

Court: Karkardooma District Court, Delhi
Case Number: CIV-2025-2669
Case Type: Civil Case (Recovery of Money)
Filing Date: March 28, 2025

Parties:
Plaintiff: Mr./Ms. Ashok Bansal
Defendant: Mr./Ms. Emily Brown

Case Summary: The plaintiff, Ashok Bansal, has filed a suit for the recovery of ₹500,000 from the defendant, Emily Brown. The plaintiff alleges that the loan was extended via a written promissory note with a repayment deadline that has passed. The defendant has failed to repay the amount by the stipulated date.

Current Status: Pending - Summons issued to the defendant.",0
"WRONGFUL TERMINATION CASE

Employee: Manoj Tiwari
Employer: XYZ Solutions Inc

The employee was terminated without following due process. No show-cause notice was issued. The termination letter cited ""performance issues"" but no performance improvement plan was ever discussed.

Outstanding Dues:
- Unpaid salary: ₹375,000
- Notice period pay: ₹125,000
- Earned leave encashment: ₹62,500

This is a civil matter for wrongful termination and recovery of dues. To be filed before the Labor Commissioner.",0
"CRIMINAL CASE - HOUSE BREAKING AND THEFT

Victim: Divya Menon
Accused: Kavita Gupta

The accused Kavita Gupta criminally trespassed into the locked house of the victim at night and committed theft of valuable items including vehicle (car) worth ₹8,00,000.

This constitutes criminal offenses under IPC Sections 454 (House trespass), 457 (Lurking house-trespass by night), and 380 (Theft in dwelling house).

The accused has previous criminal history. Request stringent action. This is a serious criminal matter, not a civil dispute.",1
"FAMILY COURT MATTER - MAINTENANCE

Applicant: Priya Singh
Respondent: Suresh Kumar

Application for interim maintenance under Section 125 CrPC.

The applicant and respondent are legally married. The respondent has deserted the applicant and is not providing any financial support. The applicant has no independent source of income.

Prayer: Monthly maintenance of ₹50,000 pending divorce proceedings.

Note: This is a civil matrimonial dispute regarding maintenance and not a criminal matter.",0
"LAWYER NOTES - CONFIDENTIAL

Client: Ashok Bansal (Plaintiff)
Matter: Recovery of ₹75,000 from Raj Sharma

Case Strategy:
Primary evidence is the signed promissory note. Very strong documentation.
The witness is reliable and willing to testify about the loan agreement.
Email chain shows Raj Sharma acknowledging the debt and failure to pay.
Our primary argument is a straightforward breach of contract.

Client Position: Firm on recovering the full amount. Not interested in settlement for a lesser sum at this stage. Feels betrayed as it was a personal loan to a friend.",0
"CRIMINAL CASE - HOUSE BREAKING AND THEFT

Victim: Rahul Khanna
Accused: Pooja Malhotra

The accused Pooja Malhotra criminally trespassed into the locked house of the victim at night and committed theft of valuable items including vehicle (car) worth ₹8,00,000.

This constitutes criminal offenses under IPC Sections 454 (House trespass), 457 (Lurking house-trespass by night), and 380 (Theft in dwelling house).

The accused has previous criminal history. Request stringent action. This is a serious criminal matter, not a civil dispute.",1
"CIVIL SUIT - PROPERTY DISPUTE

Court: Tis Hazari Courts, Delhi
Case Type: Property/Land Dispute

Plaintiff: Anita Reddy
Defendant: Ashok Bansal

Facts of the Case:
The plaintiff owns a residential property at 456 Park Avenue, South Delhi. The defendant, who is the neighbor, has unlawfully constructed a boundary wall that encroaches approximately 3 feet onto the plaintiff's land.

Despite multiple requests for removal of the encroachment, the defendant has refused to comply. The plaintiff seeks a mandatory injunction directing the defendant to demolish the encroaching construction and restore the land.

Relief Sought: Mandatory injunction for removal of encroachment and damages for illegal possession.",0
"INVESTIGATION REPORT - DOCUMENT FORGERY

Accused: Sunita Rao
Victim: Vijay Saxena
Sections: 467, 468, 471, 420 IPC

Investigation Findings:
The accused Sunita Rao created forged property registration documents to illegally transfer assets belonging to Vijay Saxena. Forensic examination of documents confirms:

1. Signature is forged - expert opinion obtained
2. Documents printed on backdated stamp paper
3. Witnesses listed are fictitious

The accused has committed criminal forgery for financial gain. Evidence is conclusive. Recommend arrest and prosecution in criminal court.",1
"INVESTIGATION REPORT - ROBBERY CASE

Case: Robbery at residence of Kiran Desai
Accused: Sanjay Mehta
Sections: 392, 397 IPC (Robbery, Dacoity with attempt to cause death)

Investigation Findings:
The accused Sanjay Mehta along with two others broke into the victim's house while the family was asleep. They threatened the family members with weapons and robbed laptop and mobile phones worth ₹1,50,000.

Evidence:
- Victim's statement recorded
- Stolen items recovered from accused's possession
- Weapons recovered
- Confession statement of accused

This is a criminal case of robbery. The accused has been arrested. Charge sheet being filed for trial.",1
"FIR - DOMESTIC VIOLENCE

Sections: 498A, 323, 506 IPC (Cruelty, Assault, Criminal Intimidation)
Protection of Women from Domestic Violence Act

Complainant: Ritu Sharma
Accused: Sarah Thomas (Husband)

Complaint:
The complainant Ritu Sharma has been subjected to continuous physical and mental torture by husband Sarah Thomas. The accused regularly beats the complainant, often under the influence of alcohol.

Injuries: Multiple bruises, burn marks on arms, psychological trauma

The accused demands additional dowry and threatens to kill if family doesn't pay. This has been ongoing for the past two years. The complainant fears for her life.

This is a criminal case of domestic violence and marital cruelty. Request arrest of accused and protection for complainant.",1
"INVESTIGATION REPORT - ABDUCTION CASE

Case: Kidnapping of Rohit Bhatia
Prime Accused: Emily Brown
Sections: 364, 368 IPC (Kidnapping, Wrongfully concealing abducted person)

Investigation Summary:
The victim Rohit Bhatia was kidnapped from outside their residence. The accused Emily Brown was part of the kidnapping gang that held the victim captive for 5 days.

Ransom of ₹2,500,000 was demanded. Through technical surveillance, the hideout was located and the victim was rescued. The accused was arrested from the spot.

This is a criminal case of kidnapping and wrongful confinement. Charge sheet prepared for trial.",1
"INVESTIGATION REPORT - DOCUMENT FORGERY

Accused: Ritu Sharma
Victim: Kavita Gupta
Sections: 467, 468, 471, 420 IPC

Investigation Findings:
The accused Ritu Sharma created forged power of attorney to illegally transfer assets belonging to Kavita Gupta. Forensic examination of documents confirms:

1. Signature is forged - expert opinion obtained
2. Documents printed on backdated stamp paper
3. Witnesses listed are fictitious

The accused has committed criminal forgery for financial gain. Evidence is conclusive. Recommend arrest and prosecution in criminal court.",1
"CIVIL SUIT - EVICTION AND RENT RECOVERY

Plaintiff/Landlord: Suresh Kumar
Defendant/Tenant: Priya Singh
Monthly Rent: ₹25,000
Outstanding Rent: ₹125,000 (5 months)

Statement of Facts:
The plaintiff is the owner of the residential premises. The defendant has been a tenant since 2023 at a monthly rent of ₹25,000. 

The defendant has defaulted on rent payments for the last 5 months. Multiple verbal and written reminders have been ignored. The defendant has also caused damage to the property.

Relief Sought:
1. Eviction of the defendant from the premises
2. Recovery of outstanding rent of ₹125,000
3. Compensation for property damage
4. Future rent until actual eviction

This is a civil landlord-tenant dispute under the Rent Control Act.",0
"CASE INFORMATION - CIVIL SUIT

Court: Kolkata High Court
Case Number: CIV-2025-3579
Case Type: Civil Case (Recovery of Money)
Filing Date: January 17, 2025

Parties:
Plaintiff: Mr./Ms. Ashok Bansal
Defendant: Mr./Ms. Rekha Joshi

Case Summary: The plaintiff, Ashok Bansal, has filed a suit for the recovery of ₹150,000 from the defendant, Rekha Joshi. The plaintiff alleges that the loan was extended via a written promissory note with a repayment deadline that has passed. The defendant has failed to repay the amount by the stipulated date.

Current Status: Pending - Summons issued to the defendant.",0
"TENANT DISPUTE SUMMARY

Rohit Bhatia has been occupying the property owned by Deepa Nair and has failed to pay rent for 6 consecutive months, totaling ₹90,000.

The tenant also refuses to vacate the premises despite the lease agreement having expired. This constitutes a civil dispute regarding rental arrears and unlawful occupation.

Recommended action: File civil suit for eviction and recovery. No criminal element as this is a contractual tenancy matter.",0
"FIR - NDPS ACT VIOLATION

Sections: 21, 22, 29 NDPS Act (Possession, Sale, Conspiracy)

Accused: Michael Fernandes
Substance: cocaine
Quantity: 10 kilograms

Case Details:
Acting on intelligence input, a raid was conducted at the residence of the accused Michael Fernandes. During search, 10 kilograms of cocaine was recovered along with packaging material and weighing scales.

The accused was caught red-handed in possession of commercial quantity of contraband. Mobile records reveal the accused was involved in drug distribution network.

This is a serious criminal offense under the NDPS Act. The accused has been arrested and produced before the Special Court.",1
"DEFICIENCY IN SERVICE - CONSUMER MATTER

Consumer: Deepa Nair
Service Provider: Prime Furniture House
Amount Paid: ₹500,000

The consumer availed services from the opposite party but the services rendered were grossly deficient. The opposite party failed to meet the promised standards and specifications.

Multiple complaints were made but no satisfactory resolution was provided. This constitutes deficiency in service under consumer law.

This is a civil consumer dispute. Seeking refund and compensation through Consumer Forum.",0
"CHARGE SHEET - DRUG TRAFFICKING

Accused: Kavita Gupta
Sections: 21(c), 29 NDPS Act (Commercial quantity, Conspiracy)

Investigation established that the accused Kavita Gupta was running a drug trafficking operation. 5 kilograms of cocaine was seized from the accused.

Evidence:
- Contraband recovered and sealed
- Chemical analysis report confirming substance
- Financial trail showing drug money
- Statements of buyers identifying accused

This is a criminal case involving commercial quantity narcotic substances. Recommend prosecution in Special NDPS Court.",1
"CRIMINAL EXTORTION CASE

Accused: David Wilson
Victim: Sunita Rao
Sections: 384, 385 IPC (Extortion, Attempt to Extort)

The accused David Wilson has been running an extortion racket. Multiple victims including Sunita Rao have been threatened and forced to pay money.

Evidence:
- Recorded threatening phone calls
- WhatsApp messages with death threats
- Bank transfers under duress
- Multiple victim statements

This is organized criminal extortion. The accused has prior criminal records. Recommend arrest and prosecution.",1
"CIVIL SUIT FOR BREACH OF CONTRACT

Plaintiff: Sarah Thomas
Defendant: Raj Sharma
Amount in Dispute: ₹750,000

Statement of Claim:
The plaintiff entered into a contract with the defendant for software development on agreed terms. The total contract value was ₹750,000, of which the plaintiff has already paid 60% as advance.

The defendant has failed to complete the work as per the agreed specifications and timeline. Despite multiple reminders, the defendant has neither completed the work nor refunded the advance amount.

The plaintiff seeks recovery of ₹450,000 paid as advance, along with damages for mental harassment and legal costs.

This is a civil matter arising from breach of commercial contract.",0
"MATRIMONIAL DISPUTE - DIVORCE PETITION

Petitioner: Rekha Joshi
Respondent: Manoj Tiwari

Type: Divorce Petition under Hindu Marriage Act

Facts:
The parties were married in 2019. Due to irreconcilable differences and temperamental incompatibility, the marriage has irretrievably broken down. The parties have been living separately for over two years.

There are disputes regarding:
1. Division of matrimonial property
2. Custody of minor child
3. Maintenance/alimony

This is a civil family matter. The petitioner seeks dissolution of marriage and fair settlement of matrimonial property. Mediation has been attempted but failed.",0
"CRIMINAL INVESTIGATION - FINANCIAL FRAUD

Accused: Vikram Patel
Victims: Meera Iyer and others
Total Amount: ₹1,000,000+

Investigation established that the accused ran a fake job placement agency collecting registration fees, collecting money from multiple victims with false promises. 

The accused used fake identity documents and opened bank accounts for laundering the defrauded money. This is a case of organized financial crime.

Sections: 420 (Cheating), 406 (Criminal breach of trust), 34 (Common intention) IPC

The accused is a habitual offender. Criminal prosecution recommended.",1
"INVESTIGATION REPORT - ROBBERY CASE

Case: Robbery at residence of Meera Iyer
Accused: Anil Kapoor
Sections: 392, 397 IPC (Robbery, Dacoity with attempt to cause death)

Investigation Findings:
The accused Anil Kapoor along with two others broke into the victim's house while the family was asleep. They threatened the family members with weapons and robbed laptop and mobile phones worth ₹1,50,000.

Evidence:
- Victim's statement recorded
- Stolen items recovered from accused's possession
- Weapons recovered
- Confession statement of accused

This is a criminal case of robbery. The accused has been arrested. Charge sheet being filed for trial.",1
"TENANT DISPUTE SUMMARY

Deepa Nair has been occupying the property owned by Priya Singh and has failed to pay rent for 5 consecutive months, totaling ₹175,000.

The tenant also refuses to vacate the premises despite the lease agreement having expired. This constitutes a civil dispute regarding rental arrears and unlawful occupation.

Recommended action: File civil suit for eviction and recovery. No criminal element as this is a contractual tenancy matter.",0
"INVESTIGATION REPORT - ABDUCTION CASE

Case: Kidnapping of Priya Singh
Prime Accused: Rohit Bhatia
Sections: 364, 368 IPC (Kidnapping, Wrongfully concealing abducted person)

Investigation Summary:
The victim Priya Singh was kidnapped from outside their residence. The accused Rohit Bhatia was part of the kidnapping gang that held the victim captive for 5 days.

Ransom of ₹1,000,000 was demanded. Through technical surveillance, the hideout was located and the victim was rescued. The accused was arrested from the spot.

This is a criminal case of kidnapping and wrongful confinement. Charge sheet prepared for trial.",1
"POSH COMMITTEE TO POLICE COMPLAINT

Complaint Transfer: Internal Committee to Police Station
Sections: 354A IPC (Sexual Harassment)

Accused Employee: Ashok Bansal
Victim: Deepa Nair

The Internal Complaints Committee (ICC) investigated allegations of sexual harassment at office premises. The Committee found prima facie case of severe sexual harassment warranting criminal action.

Evidence examined:
- Email and message evidence
- Testimony of complainant and witnesses
- CCTV footage

This criminal matter is being forwarded to police for FIR registration and prosecution under appropriate IPC sections.",1
"DOMESTIC VIOLENCE CASE - INVESTIGATION REPORT

Victim: Sunita Rao
Accused: Divya Menon
Sections: 498A IPC, DV Act Sections 3, 12, 18

Investigation Findings:
Medical examination confirms multiple old and new injury marks on the victim consistent with physical abuse. Neighbors confirmed hearing sounds of beating from the house regularly.

The accused has been habitually cruel to the victim demanding dowry. Text messages threatening dire consequences recovered from accused's phone.

This is a criminal domestic violence case. Accused arrested. Protection order issued for victim. Criminal trial to proceed.",1
"CRIMINAL EXTORTION CASE

Accused: Ritu Sharma
Victim: Sunita Rao
Sections: 384, 385 IPC (Extortion, Attempt to Extort)

The accused Ritu Sharma has been running an extortion racket. Multiple victims including Sunita Rao have been threatened and forced to pay money.

Evidence:
- Recorded threatening phone calls
- WhatsApp messages with death threats
- Bank transfers under duress
- Multiple victim statements

This is organized criminal extortion. The accused has prior criminal records. Recommend arrest and prosecution.",1
"FIR - CRIMINAL FRAUD AND CHEATING

Sections: 420, 406, 468, 471 IPC (Cheating, Criminal Breach of Trust, Forgery)

Complainant: Rahul Khanna
Accused: Arjun Nath

Criminal Complaint:
The accused Arjun Nath cheated me of ₹10,000,000 through a ponzi scheme disguised as trading platform. The accused made false promises and representations to induce me to invest/pay money.

After receiving the money, the accused absconded. Upon investigation, I found that the entire scheme was fraudulent and the documents provided by the accused were forged.

This is a clear case of criminal fraud and cheating. The accused has deliberately deceived me with dishonest intention. Request registration of FIR and arrest of the accused.",1
"WRONGFUL TERMINATION CASE

Employee: John D'Souza
Employer: Digital Dreams Inc

The employee was terminated without following due process. No show-cause notice was issued. The termination letter cited ""performance issues"" but no performance improvement plan was ever discussed.

Outstanding Dues:
- Unpaid salary: ₹600,000
- Notice period pay: ₹150,000
- Earned leave encashment: ₹75,000

This is a civil matter for wrongful termination and recovery of dues. To be filed before the Labor Commissioner.",0
"TENANT DISPUTE SUMMARY

Rahul Khanna has been occupying the property owned by Kavita Gupta and has failed to pay rent for 8 consecutive months, totaling ₹400,000.

The tenant also refuses to vacate the premises despite the lease agreement having expired. This constitutes a civil dispute regarding rental arrears and unlawful occupation.

Recommended action: File civil suit for eviction and recovery. No criminal element as this is a contractual tenancy matter.",0
"LAWYER NOTES - CONFIDENTIAL

Client: Deepa Nair (Plaintiff)
Matter: Recovery of ₹25,000 from Sanjay Mehta

Case Strategy:
Primary evidence is the signed promissory note. Very strong documentation.
The witness is reliable and willing to testify about the loan agreement.
Email chain shows Sanjay Mehta acknowledging the debt and failure to pay.
Our primary argument is a straightforward breach of contract.

Client Position: Firm on recovering the full amount. Not interested in settlement for a lesser sum at this stage. Feels betrayed as it was a personal loan to a friend.",0
"CIVIL SUIT FOR BREACH OF CONTRACT

Plaintiff: David Wilson
Defendant: Neha Agarwal
Amount in Dispute: ₹750,000

Statement of Claim:
The plaintiff entered into a contract with the defendant for catering services on agreed terms. The total contract value was ₹750,000, of which the plaintiff has already paid 60% as advance.

The defendant has failed to complete the work as per the agreed specifications and timeline. Despite multiple reminders, the defendant has neither completed the work nor refunded the advance amount.

The plaintiff seeks recovery of ₹450,000 paid as advance, along with damages for mental harassment and legal costs.

This is a civil matter arising from breach of commercial contract.",0
"INVESTIGATION REPORT - ABDUCTION CASE

Case: Kidnapping of Arjun Nath
Prime Accused: Kavita Gupta
Sections: 364, 368 IPC (Kidnapping, Wrongfully concealing abducted person)

Investigation Summary:
The victim Arjun Nath was kidnapped from outside their residence. The accused Kavita Gupta was part of the kidnapping gang that held the victim captive for 5 days.

Ransom of ₹5,000,000 was demanded. Through technical surveillance, the hideout was located and the victim was rescued. The accused was arrested from the spot.

This is a criminal case of kidnapping and wrongful confinement. Charge sheet prepared for trial.",1
"FIR - MURDER CASE

Police Station: Crime Branch
FIR Number: 148/2025
Sections: 302, 201 IPC (Murder, Causing disappearance of evidence)

Deceased: Kavita Gupta
Accused: Sunita Rao

Case Summary:
The body of Kavita Gupta was found at the outskirts of the city. Post-mortem report confirms death due to stab wounds and strangulation. The victim was last seen with the accused Sunita Rao.

Investigation reveals the accused had ongoing disputes with the deceased over financial matters. Mobile records and witnesses place the accused at the crime scene.

This is a case of premeditated murder. The accused Sunita Rao has been arrested. Charge sheet being prepared for trial in Sessions Court.",1
"DEMAND NOTICE - BREACH OF CONTRACT

To: Suresh Kumar

Subject: Legal Notice for Recovery of ₹500,000

This notice is being sent on behalf of my client David Wilson.

My client had engaged your services for construction project. A written contract was executed and advance payment of ₹300,000 was made.

You have failed to deliver the services as agreed. My client demands:
1. Immediate refund of advance payment
2. Compensation for losses suffered

If we do not receive satisfactory response within 15 days, we shall be constrained to initiate civil proceedings against you. This is a civil dispute - treat this notice seriously.",0
"DEFICIENCY IN SERVICE - CONSUMER MATTER

Consumer: Rekha Joshi
Service Provider: City Medical Center
Amount Paid: ₹150,000

The consumer availed services from the opposite party but the services rendered were grossly deficient. The opposite party failed to meet the promised standards and specifications.

Multiple complaints were made but no satisfactory resolution was provided. This constitutes deficiency in service under consumer law.

This is a civil consumer dispute. Seeking refund and compensation through Consumer Forum.",0
"LAWYER NOTES - CONFIDENTIAL

Client: Rohit Bhatia (Plaintiff)
Matter: Recovery of ₹50,000 from Michael Fernandes

Case Strategy:
Primary evidence is the signed promissory note. Very strong documentation.
The witness is reliable and willing to testify about the loan agreement.
Email chain shows Michael Fernandes acknowledging the debt and failure to pay.
Our primary argument is a straightforward breach of contract.

Client Position: Firm on recovering the full amount. Not interested in settlement for a lesser sum at this stage. Feels betrayed as it was a personal loan to a friend.",0
"CIVIL SUIT - EVICTION AND RENT RECOVERY

Plaintiff/Landlord: Rekha Joshi
Defendant/Tenant: Manoj Tiwari
Monthly Rent: ₹25,000
Outstanding Rent: ₹100,000 (4 months)

Statement of Facts:
The plaintiff is the owner of the residential premises. The defendant has been a tenant since 2023 at a monthly rent of ₹25,000. 

The defendant has defaulted on rent payments for the last 4 months. Multiple verbal and written reminders have been ignored. The defendant has also caused damage to the property.

Relief Sought:
1. Eviction of the defendant from the premises
2. Recovery of outstanding rent of ₹100,000
3. Compensation for property damage
4. Future rent until actual eviction

This is a civil landlord-tenant dispute under the Rent Control Act.",0
"FIR - DOMESTIC VIOLENCE

Sections: 498A, 323, 506 IPC (Cruelty, Assault, Criminal Intimidation)
Protection of Women from Domestic Violence Act

Complainant: Neha Agarwal
Accused: Vijay Saxena (Husband)

Complaint:
The complainant Neha Agarwal has been subjected to continuous physical and mental torture by husband Vijay Saxena. The accused regularly beats the complainant, often under the influence of alcohol.

Injuries: Multiple bruises, burn marks on arms, psychological trauma

The accused demands additional dowry and threatens to kill if family doesn't pay. This has been ongoing for the past two years. The complainant fears for her life.

This is a criminal case of domestic violence and marital cruelty. Request arrest of accused and protection for complainant.",1
"CONSUMER COMPLAINT

Complainant: Vikram Patel
Opposite Party: Super Gadgets Ltd
Product: mobile phone
Amount: ₹25,000

Complaint:
The complainant purchased a mobile phone from the opposite party for ₹25,000. Within weeks of purchase, the product developed a major defect. Despite multiple complaints, neither repair nor replacement was provided.

The opposite party's service center has been unresponsive. The warranty claim was rejected citing frivolous reasons.

This is a consumer dispute under the Consumer Protection Act. The complainant seeks replacement of the defective product, compensation for mental agony, and litigation costs.

Prayer: Replacement/refund of ₹25,000 plus ₹50,000 as compensation.",0
"INVESTIGATION REPORT - DOCUMENT FORGERY

Accused: Ashok Bansal
Victim: Suresh Kumar
Sections: 467, 468, 471, 420 IPC

Investigation Findings:
The accused Ashok Bansal created forged educational certificates to illegally transfer assets belonging to Suresh Kumar. Forensic examination of documents confirms:

1. Signature is forged - expert opinion obtained
2. Documents printed on backdated stamp paper
3. Witnesses listed are fictitious

The accused has committed criminal forgery for financial gain. Evidence is conclusive. Recommend arrest and prosecution in criminal court.",1
"MATRIMONIAL DISPUTE - DIVORCE PETITION

Petitioner: Anita Reddy
Respondent: Suresh Kumar

Type: Divorce Petition under Hindu Marriage Act

Facts:
The parties were married in 2019. Due to irreconcilable differences and temperamental incompatibility, the marriage has irretrievably broken down. The parties have been living separately for over two years.

There are disputes regarding:
1. Division of matrimonial property
2. Custody of minor child
3. Maintenance/alimony

This is a civil family matter. The petitioner seeks dissolution of marriage and fair settlement of matrimonial property. Mediation has been attempted but failed.",0
"CRIMINAL CASE - HOMICIDE

Case Type: Murder (Section 302 IPC)
Accused: Vikram Patel
Victim/Deceased: Amit Verma

The accused Vikram Patel has been charged with the murder of Amit Verma. Investigation reveals the accused poisoned the victim's food over several days, leading to death.

Forensic Evidence:
- Poison traces found in victim's body
- Purchase records linking accused to poison
- Life insurance policy naming accused as beneficiary

This is a case of planned criminal homicide for financial gain. The accused should be prosecuted for murder.",1
"EMAIL CORRESPONDENCE - EVIDENCE

From: Priya Singh
To: Sarah Thomas
Subject: Reminder: Loan Repayment Overdue

Hi Sarah,
Hope you're well. I'm following up on the ₹150,000 loan. The due date has passed. Please let me know when I can expect the payment.

---
Reply from Sarah Thomas:
I know, I'm sorry. Things have been difficult financially. Can you give me more time?

---
This constitutes civil matter for recovery of debt. No criminal elements present.",0
"CONSUMER COMPLAINT

Complainant: Kiran Desai
Opposite Party: City Medical Center
Product: washing machine
Amount: ₹150,000

Complaint:
The complainant purchased a washing machine from the opposite party for ₹150,000. Within weeks of purchase, the product developed a major defect. Despite multiple complaints, neither repair nor replacement was provided.

The opposite party's service center has been unresponsive. The warranty claim was rejected citing frivolous reasons.

This is a consumer dispute under the Consumer Protection Act. The complainant seeks replacement of the defective product, compensation for mental agony, and litigation costs.

Prayer: Replacement/refund of ₹150,000 plus ₹50,000 as compensation.",0
"CONSUMER COMPLAINT

Complainant: Pooja Malhotra
Opposite Party: Quality Home Appliances
Product: television
Amount: ₹150,000

Complaint:
The complainant purchased a television from the opposite party for ₹150,000. Within weeks of purchase, the product developed a major defect. Despite multiple complaints, neither repair nor replacement was provided.

The opposite party's service center has been unresponsive. The warranty claim was rejected citing frivolous reasons.

This is a consumer dispute under the Consumer Protection Act. The complainant seeks replacement of the defective product, compensation for mental agony, and litigation costs.

Prayer: Replacement/refund of ₹150,000 plus ₹50,000 as compensation.",0
"LABOR DISPUTE - UNPAID WAGES

Petitioner: Deepa Nair
Respondent: ABC Technologies Pvt Ltd

Claim Details:
The petitioner was employed with the respondent company as a senior professional. The monthly salary was ₹50,000. 

The respondent has failed to pay salary for the last 2 months amounting to ₹100,000. Additionally, the respondent has not deposited the PF contributions.

The petitioner was asked to resign without any dues being cleared. This constitutes a civil labor dispute for recovery of unpaid wages and statutory dues.

Relief Sought: Recovery of ₹100,000 as unpaid salary plus PF dues and interest.",0
"FIR - KIDNAPPING FOR RANSOM

Sections: 364A, 365 IPC (Kidnapping for ransom, Abduction)

Complainant: Family of Ritu Sharma
Accused: Arjun Nath and unknown others
Victim: Ritu Sharma

Complaint:
Ritu Sharma was abducted by armed men while returning home from office. The family received a ransom call demanding ₹1,000,000 for the victim's release.

The callers threatened to kill Ritu Sharma if police is informed. The voice in the ransom call was identified as that of Arjun Nath, who had previous enmity with the victim's family.

This is a serious criminal case of kidnapping for ransom. Request immediate action to rescue the victim and arrest the perpetrators.",1
"FIR - SEXUAL HARASSMENT

Sections: 354, 354A, 509 IPC (Assault/Criminal force with intent to outrage modesty, Sexual Harassment)

Complainant: Rekha Joshi
Accused: Anita Reddy
Location: workplace

Complaint:
The accused Anita Reddy has been sexually harassing me at workplace. The harassment includes inappropriate touching, obscene remarks, and unwanted advances.

Despite clear rejection, the accused continued the harassment. The accused also threatened consequences if I reported the matter.

Statement of a witness has been recorded. This is a criminal case of sexual harassment under IPC. Request arrest of accused and appropriate protection measures.",1
"FIR - DOMESTIC VIOLENCE

Sections: 498A, 323, 506 IPC (Cruelty, Assault, Criminal Intimidation)
Protection of Women from Domestic Violence Act

Complainant: Priya Singh
Accused: Emily Brown (Husband)

Complaint:
The complainant Priya Singh has been subjected to continuous physical and mental torture by husband Emily Brown. The accused regularly beats the complainant, often under the influence of alcohol.

Injuries: Multiple bruises, burn marks on arms, psychological trauma

The accused demands additional dowry and threatens to kill if family doesn't pay. This has been ongoing for the past two years. The complainant fears for her life.

This is a criminal case of domestic violence and marital cruelty. Request arrest of accused and protection for complainant.",1
"FAMILY COURT MATTER - MAINTENANCE

Applicant: Divya Menon
Respondent: Manoj Tiwari

Application for interim maintenance under Section 125 CrPC.

The applicant and respondent are legally married. The respondent has deserted the applicant and is not providing any financial support. The applicant has no independent source of income.

Prayer: Monthly maintenance of ₹50,000 pending divorce proceedings.

Note: This is a civil matrimonial dispute regarding maintenance and not a criminal matter.",0
"DEMAND NOTICE - BREACH OF CONTRACT

To: Rekha Joshi

Subject: Legal Notice for Recovery of ₹1,000,000

This notice is being sent on behalf of my client Anita Reddy.

My client had engaged your services for home renovation. A written contract was executed and advance payment of ₹600,000 was made.

You have failed to deliver the services as agreed. My client demands:
1. Immediate refund of advance payment
2. Compensation for losses suffered

If we do not receive satisfactory response within 15 days, we shall be constrained to initiate civil proceedings against you. This is a civil dispute - treat this notice seriously.",0
"FIR - KIDNAPPING FOR RANSOM

Sections: 364A, 365 IPC (Kidnapping for ransom, Abduction)

Complainant: Family of Meera Iyer
Accused: John D'Souza and unknown others
Victim: Meera Iyer

Complaint:
Meera Iyer was abducted by armed men while returning home from office. The family received a ransom call demanding ₹2,500,000 for the victim's release.

The callers threatened to kill Meera Iyer if police is informed. The voice in the ransom call was identified as that of John D'Souza, who had previous enmity with the victim's family.

This is a serious criminal case of kidnapping for ransom. Request immediate action to rescue the victim and arrest the perpetrators.",1
"FIR - NDPS ACT VIOLATION

Sections: 21, 22, 29 NDPS Act (Possession, Sale, Conspiracy)

Accused: Meera Iyer
Substance: cocaine
Quantity: 500 grams

Case Details:
Acting on intelligence input, a raid was conducted at the residence of the accused Meera Iyer. During search, 500 grams of cocaine was recovered along with packaging material and weighing scales.

The accused was caught red-handed in possession of commercial quantity of contraband. Mobile records reveal the accused was involved in drug distribution network.

This is a serious criminal offense under the NDPS Act. The accused has been arrested and produced before the Special Court.",1
"FIR - FORGERY AND FRAUD

Sections: 465, 467, 468, 471 IPC (Forgery, Forgery of valuable security, Using forged document as genuine)

Complainant: Kiran Desai
Accused: Ritu Sharma

Criminal Complaint:
The accused Ritu Sharma has forged power of attorney pretending to be me/act on my behalf. Using these forged documents, the accused fraudulently transferred property/funds.

The signature on the documents is not mine - this can be verified through handwriting analysis. The accused took advantage of my absence from the country to commit this fraud.

This is a case of criminal forgery and fraud. The accused should be arrested and the fraudulent transactions reversed.",1
"CONSUMER COMPLAINT

Complainant: John D'Souza
Opposite Party: City Medical Center
Product: car
Amount: ₹150,000

Complaint:
The complainant purchased a car from the opposite party for ₹150,000. Within weeks of purchase, the product developed a major defect. Despite multiple complaints, neither repair nor replacement was provided.

The opposite party's service center has been unresponsive. The warranty claim was rejected citing frivolous reasons.

This is a consumer dispute under the Consumer Protection Act. The complainant seeks replacement of the defective product, compensation for mental agony, and litigation costs.

Prayer: Replacement/refund of ₹150,000 plus ₹50,000 as compensation.",0
"WRONGFUL TERMINATION CASE

Employee: Deepa Nair
Employer: Digital Dreams Inc

The employee was terminated without following due process. No show-cause notice was issued. The termination letter cited ""performance issues"" but no performance improvement plan was ever discussed.

Outstanding Dues:
- Unpaid salary: ₹250,000
- Notice period pay: ₹50,000
- Earned leave encashment: ₹25,000

This is a civil matter for wrongful termination and recovery of dues. To be filed before the Labor Commissioner.",0
"CHARGE SHEET - DRUG TRAFFICKING

Accused: Anita Reddy
Sections: 21(c), 29 NDPS Act (Commercial quantity, Conspiracy)

Investigation established that the accused Anita Reddy was running a drug trafficking operation. 100 grams of methamphetamine was seized from the accused.

Evidence:
- Contraband recovered and sealed
- Chemical analysis report confirming substance
- Financial trail showing drug money
- Statements of buyers identifying accused

This is a criminal case involving commercial quantity narcotic substances. Recommend prosecution in Special NDPS Court.",1
"PROPERTY OWNERSHIP DISPUTE

Parties involved: Emily Brown vs John D'Souza

The dispute concerns ancestral property that was divided among family members. Emily Brown claims that John D'Souza has occupied a portion of land that was allocated to the plaintiff in the family settlement deed.

Documents examined:
- Family settlement deed from 2010
- Property registration documents
- Revenue records

Opinion: This is a civil dispute regarding interpretation of family settlement. Recommend filing civil suit for partition and specific performance. No criminal elements involved.",0
"CHARGE SHEET - DRUG TRAFFICKING

Accused: Anita Reddy
Sections: 21(c), 29 NDPS Act (Commercial quantity, Conspiracy)

Investigation established that the accused Anita Reddy was running a drug trafficking operation. 5 kilograms of methamphetamine was seized from the accused.

Evidence:
- Contraband recovered and sealed
- Chemical analysis report confirming substance
- Financial trail showing drug money
- Statements of buyers identifying accused

This is a criminal case involving commercial quantity narcotic substances. Recommend prosecution in Special NDPS Court.",1
"FIR - DOMESTIC VIOLENCE

Sections: 498A, 323, 506 IPC (Cruelty, Assault, Criminal Intimidation)
Protection of Women from Domestic Violence Act

Complainant: Anita Reddy
Accused: John D'Souza (Husband)

Complaint:
The complainant Anita Reddy has been subjected to continuous physical and mental torture by husband John D'Souza. The accused regularly beats the complainant, often under the influence of alcohol.

Injuries: Multiple bruises, burn marks on arms, psychological trauma

The accused demands additional dowry and threatens to kill if family doesn't pay. This has been ongoing for the past two years. The complainant fears for her life.

This is a criminal case of domestic violence and marital cruelty. Request arrest of accused and protection for complainant.",1
"CYBER CRIME COMPLAINT - ONLINE FRAUD

Sections: 420 IPC, Section 66D IT Act

Victim: Sunita Rao
Accused/Suspect: Vijay Saxena
Amount Defrauded: ₹1,000,000

Details of Cyber Fraud:
The accused operated a fraudulent loan approval scheme. The victim was contacted through social media and convinced to transfer money with promises of high returns.

Multiple transactions were made to the accused's bank account. After collecting ₹1,000,000, the accused blocked all communication and disappeared.

Evidence: Bank statements, WhatsApp chats, Email correspondence

This is a criminal case of cyber fraud under IPC and IT Act. Request urgent action.",1
"CIVIL SUIT - PROPERTY DISPUTE

Court: Karkardooma District Court, Delhi
Case Type: Property/Land Dispute

Plaintiff: Kiran Desai
Defendant: Rekha Joshi

Facts of the Case:
The plaintiff owns a residential property at 101 Market Street, Karol Bagh. The defendant, who is the neighbor, has unlawfully constructed a boundary wall that encroaches approximately 3 feet onto the plaintiff's land.

Despite multiple requests for removal of the encroachment, the defendant has refused to comply. The plaintiff seeks a mandatory injunction directing the defendant to demolish the encroaching construction and restore the land.

Relief Sought: Mandatory injunction for removal of encroachment and damages for illegal possession.",0
"CASE INFORMATION - CIVIL SUIT

Court: Tis Hazari Courts, Delhi
Case Number: CIV-2025-7897
Case Type: Civil Case (Recovery of Money)
Filing Date: May 4, 2025

Parties:
Plaintiff: Mr./Ms. Anita Reddy
Defendant: Mr./Ms. Sunita Rao

Case Summary: The plaintiff, Anita Reddy, has filed a suit for the recovery of ₹25,000 from the defendant, Sunita Rao. The plaintiff alleges that the loan was extended via a written promissory note with a repayment deadline that has passed. The defendant has failed to repay the amount by the stipulated date.

Current Status: Pending - Summons issued to the defendant.",0
"LAWYER NOTES - EVICTION MATTER

Client: Pooja Malhotra (Landlord)
Opponent: Priya Singh (Tenant)

Facts:
- Tenancy since 2023, rent ₹20,000/month
- Non-payment of rent for 6 months = ₹120,000
- Tenant not vacating despite notice

Documents:
- Rent agreement (registered)
- Rent receipts showing default
- Legal notice sent (with acknowledgment)

Strategy: File eviction suit in Rent Controller court. This is purely civil in nature. Seek eviction + rent arrears + damages. Estimated timeline: 6-12 months.",0
"FIR - NDPS ACT VIOLATION

Sections: 21, 22, 29 NDPS Act (Possession, Sale, Conspiracy)

Accused: Sunita Rao
Substance: cocaine
Quantity: 500 grams

Case Details:
Acting on intelligence input, a raid was conducted at the residence of the accused Sunita Rao. During search, 500 grams of cocaine was recovered along with packaging material and weighing scales.

The accused was caught red-handed in possession of commercial quantity of contraband. Mobile records reveal the accused was involved in drug distribution network.

This is a serious criminal offense under the NDPS Act. The accused has been arrested and produced before the Special Court.",1
"TENANT DISPUTE SUMMARY

David Wilson has been occupying the property owned by Michael Fernandes and has failed to pay rent for 8 consecutive months, totaling ₹280,000.

The tenant also refuses to vacate the premises despite the lease agreement having expired. This constitutes a civil dispute regarding rental arrears and unlawful occupation.

Recommended action: File civil suit for eviction and recovery. No criminal element as this is a contractual tenancy matter.",0
"INVESTIGATION REPORT - DOCUMENT FORGERY

Accused: Suresh Kumar
Victim: Neha Agarwal
Sections: 467, 468, 471, 420 IPC

Investigation Findings:
The accused Suresh Kumar created forged power of attorney to illegally transfer assets belonging to Neha Agarwal. Forensic examination of documents confirms:

1. Signature is forged - expert opinion obtained
2. Documents printed on backdated stamp paper
3. Witnesses listed are fictitious

The accused has committed criminal forgery for financial gain. Evidence is conclusive. Recommend arrest and prosecution in criminal court.",1
"CIVIL SUIT - EVICTION AND RENT RECOVERY

Plaintiff/Landlord: Rekha Joshi
Defendant/Tenant: Vikram Patel
Monthly Rent: ₹30,000
Outstanding Rent: ₹90,000 (3 months)

Statement of Facts:
The plaintiff is the owner of the residential premises. The defendant has been a tenant since 2023 at a monthly rent of ₹30,000. 

The defendant has defaulted on rent payments for the last 3 months. Multiple verbal and written reminders have been ignored. The defendant has also caused damage to the property.

Relief Sought:
1. Eviction of the defendant from the premises
2. Recovery of outstanding rent of ₹90,000
3. Compensation for property damage
4. Future rent until actual eviction

This is a civil landlord-tenant dispute under the Rent Control Act.",0
"INVESTIGATION REPORT - ABDUCTION CASE

Case: Kidnapping of Ritu Sharma
Prime Accused: Kavita Gupta
Sections: 364, 368 IPC (Kidnapping, Wrongfully concealing abducted person)

Investigation Summary:
The victim Ritu Sharma was kidnapped from outside their residence. The accused Kavita Gupta was part of the kidnapping gang that held the victim captive for 5 days.

Ransom of ₹10,000,000 was demanded. Through technical surveillance, the hideout was located and the victim was rescued. The accused was arrested from the spot.

This is a criminal case of kidnapping and wrongful confinement. Charge sheet prepared for trial.",1
"FIR - KIDNAPPING FOR RANSOM

Sections: 364A, 365 IPC (Kidnapping for ransom, Abduction)

Complainant: Family of John D'Souza
Accused: Meera Iyer and unknown others
Victim: John D'Souza

Complaint:
John D'Souza was abducted by armed men while returning home from office. The family received a ransom call demanding ₹2,500,000 for the victim's release.

The callers threatened to kill John D'Souza if police is informed. The voice in the ransom call was identified as that of Meera Iyer, who had previous enmity with the victim's family.

This is a serious criminal case of kidnapping for ransom. Request immediate action to rescue the victim and arrest the perpetrators.",1
"CIVIL SUIT FOR BREACH OF CONTRACT

Plaintiff: David Wilson
Defendant: Divya Menon
Amount in Dispute: ₹750,000

Statement of Claim:
The plaintiff entered into a contract with the defendant for software development on agreed terms. The total contract value was ₹750,000, of which the plaintiff has already paid 60% as advance.

The defendant has failed to complete the work as per the agreed specifications and timeline. Despite multiple reminders, the defendant has neither completed the work nor refunded the advance amount.

The plaintiff seeks recovery of ₹450,000 paid as advance, along with damages for mental harassment and legal costs.

This is a civil matter arising from breach of commercial contract.",0
"CRIMINAL EXTORTION CASE

Accused: Rohit Bhatia
Victim: John D'Souza
Sections: 384, 385 IPC (Extortion, Attempt to Extort)

The accused Rohit Bhatia has been running an extortion racket. Multiple victims including John D'Souza have been threatened and forced to pay money.

Evidence:
- Recorded threatening phone calls
- WhatsApp messages with death threats
- Bank transfers under duress
- Multiple victim statements

This is organized criminal extortion. The accused has prior criminal records. Recommend arrest and prosecution.",1
"FIR - DOMESTIC VIOLENCE

Sections: 498A, 323, 506 IPC (Cruelty, Assault, Criminal Intimidation)
Protection of Women from Domestic Violence Act

Complainant: Ritu Sharma
Accused: Priya Singh (Husband)

Complaint:
The complainant Ritu Sharma has been subjected to continuous physical and mental torture by husband Priya Singh. The accused regularly beats the complainant, often under the influence of alcohol.

Injuries: Multiple bruises, burn marks on arms, psychological trauma

The accused demands additional dowry and threatens to kill if family doesn't pay. This has been ongoing for the past two years. The complainant fears for her life.

This is a criminal case of domestic violence and marital cruelty. Request arrest of accused and protection for complainant.",1
"FIR - FIRST INFORMATION REPORT

Police Station: Central Police Station
FIR Number: 578/2025
Sections: 323, 324, 506 IPC (Assault, Causing Hurt, Criminal Intimidation)

Complainant: Ashok Bansal
Accused: Meera Iyer

Statement:
On the evening of Friday, at approximately 8 PM, the accused Meera Iyer attacked me near 890 River Lane, Rohini. 

The accused attacked me with a wooden stick causing injuries to my head and arms. He also threatened to kill me if I report to the police. I sustained bleeding injuries and was taken to the hospital.

This is a criminal case of assault and criminal intimidation. The accused should be arrested and prosecuted.",1
"CIVIL SUIT - PROPERTY DISPUTE

Court: Patiala House Courts, New Delhi
Case Type: Property/Land Dispute

Plaintiff: Suresh Kumar
Defendant: Arjun Nath

Facts of the Case:
The plaintiff owns a residential property at 567 Hill Side, Saket. The defendant, who is the neighbor, has unlawfully constructed a boundary wall that encroaches approximately 3 feet onto the plaintiff's land.

Despite multiple requests for removal of the encroachment, the defendant has refused to comply. The plaintiff seeks a mandatory injunction directing the defendant to demolish the encroaching construction and restore the land.

Relief Sought: Mandatory injunction for removal of encroachment and damages for illegal possession.",0
"CRIMINAL CASE - HOMICIDE

Case Type: Murder (Section 302 IPC)
Accused: Anita Reddy
Victim/Deceased: John D'Souza

The accused Anita Reddy has been charged with the murder of John D'Souza. Investigation reveals the accused poisoned the victim's food over several days, leading to death.

Forensic Evidence:
- Poison traces found in victim's body
- Purchase records linking accused to poison
- Life insurance policy naming accused as beneficiary

This is a case of planned criminal homicide for financial gain. The accused should be prosecuted for murder.",1
"LABOR DISPUTE - UNPAID WAGES

Petitioner: Amit Verma
Respondent: XYZ Solutions Inc

Claim Details:
The petitioner was employed with the respondent company as a senior professional. The monthly salary was ₹100,000. 

The respondent has failed to pay salary for the last 3 months amounting to ₹300,000. Additionally, the respondent has not deposited the PF contributions.

The petitioner was asked to resign without any dues being cleared. This constitutes a civil labor dispute for recovery of unpaid wages and statutory dues.

Relief Sought: Recovery of ₹300,000 as unpaid salary plus PF dues and interest.",0
"LABOR DISPUTE - UNPAID WAGES

Petitioner: Swati Pillai
Respondent: ABC Technologies Pvt Ltd

Claim Details:
The petitioner was employed with the respondent company as a senior professional. The monthly salary was ₹100,000. 

The respondent has failed to pay salary for the last 3 months amounting to ₹300,000. Additionally, the respondent has not deposited the PF contributions.

The petitioner was asked to resign without any dues being cleared. This constitutes a civil labor dispute for recovery of unpaid wages and statutory dues.

Relief Sought: Recovery of ₹300,000 as unpaid salary plus PF dues and interest.",0
"POSH COMMITTEE TO POLICE COMPLAINT

Complaint Transfer: Internal Committee to Police Station
Sections: 354A IPC (Sexual Harassment)

Accused Employee: Ashok Bansal
Victim: Anita Reddy

The Internal Complaints Committee (ICC) investigated allegations of sexual harassment at public transport. The Committee found prima facie case of severe sexual harassment warranting criminal action.

Evidence examined:
- Email and message evidence
- Testimony of complainant and witnesses
- CCTV footage

This criminal matter is being forwarded to police for FIR registration and prosecution under appropriate IPC sections.",1
"FIR - THEFT/ROBBERY

Police Station: City Police Station
FIR Number: 345/2025
Sections: 379, 380 IPC (Theft, Theft in dwelling house)

Complainant: David Wilson
Accused: Ritu Sharma (identified)

Incident:
On the night of the incident, unknown persons broke into my residence while I was away. Upon returning, I found the lock broken and the house ransacked.

Items Stolen:
diamond necklace worth ₹10,00,000

During investigation, the accused Ritu Sharma was identified based on CCTV footage. This is a criminal case of theft/burglary. Request immediate action and recovery of stolen property.",1
"FIR - MURDER CASE

Police Station: Crime Branch
FIR Number: 454/2025
Sections: 302, 201 IPC (Murder, Causing disappearance of evidence)

Deceased: Rekha Joshi
Accused: Deepa Nair

Case Summary:
The body of Rekha Joshi was found at the outskirts of the city. Post-mortem report confirms death due to stab wounds and strangulation. The victim was last seen with the accused Deepa Nair.

Investigation reveals the accused had ongoing disputes with the deceased over financial matters. Mobile records and witnesses place the accused at the crime scene.

This is a case of premeditated murder. The accused Deepa Nair has been arrested. Charge sheet being prepared for trial in Sessions Court.",1
"DEMAND NOTICE - BREACH OF CONTRACT

To: Sunita Rao

Subject: Legal Notice for Recovery of ₹1,000,000

This notice is being sent on behalf of my client Emily Brown.

My client had engaged your services for catering services. A written contract was executed and advance payment of ₹600,000 was made.

You have failed to deliver the services as agreed. My client demands:
1. Immediate refund of advance payment
2. Compensation for losses suffered

If we do not receive satisfactory response within 15 days, we shall be constrained to initiate civil proceedings against you. This is a civil dispute - treat this notice seriously.",0
"DOMESTIC VIOLENCE CASE - INVESTIGATION REPORT

Victim: Meera Iyer
Accused: Divya Menon
Sections: 498A IPC, DV Act Sections 3, 12, 18

Investigation Findings:
Medical examination confirms multiple old and new injury marks on the victim consistent with physical abuse. Neighbors confirmed hearing sounds of beating from the house regularly.

The accused has been habitually cruel to the victim demanding dowry. Text messages threatening dire consequences recovered from accused's phone.

This is a criminal domestic violence case. Accused arrested. Protection order issued for victim. Criminal trial to proceed.",1
"FAMILY COURT MATTER - MAINTENANCE

Applicant: Ritu Sharma
Respondent: Amit Verma

Application for interim maintenance under Section 125 CrPC.

The applicant and respondent are legally married. The respondent has deserted the applicant and is not providing any financial support. The applicant has no independent source of income.

Prayer: Monthly maintenance of ₹50,000 pending divorce proceedings.

Note: This is a civil matrimonial dispute regarding maintenance and not a criminal matter.",0
"PROMISSORY NOTE

Loan Amount: ₹25,000

FOR VALUE RECEIVED, the undersigned, Divya Menon (the ""Borrower""), promises to pay to the order of Deepa Nair (the ""Lender"") the principal sum of ₹25,000.

TERMS OF REPAYMENT: The full amount is to be repaid within six months from the date of this note. No interest shall be accrued if paid by the due date.

Signature of Borrower: Divya Menon

Note: The borrower has not repaid the amount despite multiple reminders. This matter is being taken to civil court for recovery.",0
"POSH COMMITTEE TO POLICE COMPLAINT

Complaint Transfer: Internal Committee to Police Station
Sections: 354A IPC (Sexual Harassment)

Accused Employee: Vijay Saxena
Victim: Divya Menon

The Internal Complaints Committee (ICC) investigated allegations of sexual harassment at workplace. The Committee found prima facie case of severe sexual harassment warranting criminal action.

Evidence examined:
- Email and message evidence
- Testimony of complainant and witnesses
- CCTV footage

This criminal matter is being forwarded to police for FIR registration and prosecution under appropriate IPC sections.",1
"CHARGE SHEET - CRIMINAL CASE

Accused: Manoj Tiwari
Victim: John D'Souza
Sections: 325, 506 IPC (Grievous Hurt, Criminal Intimidation)

Investigation Summary:
Based on the FIR and investigation, it is established that the accused Manoj Tiwari brutally assaulted the victim John D'Souza with an iron rod, causing multiple fractures.

Evidence Collected:
1. Medical report confirming grievous injuries
2. Weapon recovered (iron rod with blood stains)
3. Eyewitness statements from two persons
4. CCTV footage from nearby shop

Conclusion: Prima facie criminal case established. Recommend prosecution of accused for grievous hurt under IPC.",1
"WRONGFUL TERMINATION CASE

Employee: David Wilson
Employer: XYZ Solutions Inc

The employee was terminated without following due process. No show-cause notice was issued. The termination letter cited ""performance issues"" but no performance improvement plan was ever discussed.

Outstanding Dues:
- Unpaid salary: ₹625,000
- Notice period pay: ₹125,000
- Earned leave encashment: ₹62,500

This is a civil matter for wrongful termination and recovery of dues. To be filed before the Labor Commissioner.",0
"DEMAND NOTICE - BREACH OF CONTRACT

To: Vijay Saxena

Subject: Legal Notice for Recovery of ₹750,000

This notice is being sent on behalf of my client John D'Souza.

My client had engaged your services for home renovation. A written contract was executed and advance payment of ₹450,000 was made.

You have failed to deliver the services as agreed. My client demands:
1. Immediate refund of advance payment
2. Compensation for losses suffered

If we do not receive satisfactory response within 15 days, we shall be constrained to initiate civil proceedings against you. This is a civil dispute - treat this notice seriously.",0
"DEMAND NOTICE - BREACH OF CONTRACT

To: Rekha Joshi

Subject: Legal Notice for Recovery of ₹100,000

This notice is being sent on behalf of my client Divya Menon.

My client had engaged your services for interior design work. A written contract was executed and advance payment of ₹60,000 was made.

You have failed to deliver the services as agreed. My client demands:
1. Immediate refund of advance payment
2. Compensation for losses suffered

If we do not receive satisfactory response within 15 days, we shall be constrained to initiate civil proceedings against you. This is a civil dispute - treat this notice seriously.",0
"DOMESTIC VIOLENCE CASE - INVESTIGATION REPORT

Victim: Priya Singh
Accused: John D'Souza
Sections: 498A IPC, DV Act Sections 3, 12, 18

Investigation Findings:
Medical examination confirms multiple old and new injury marks on the victim consistent with physical abuse. Neighbors confirmed hearing sounds of beating from the house regularly.

The accused has been habitually cruel to the victim demanding dowry. Text messages threatening dire consequences recovered from accused's phone.

This is a criminal domestic violence case. Accused arrested. Protection order issued for victim. Criminal trial to proceed.",1
"MATRIMONIAL DISPUTE - DIVORCE PETITION

Petitioner: Sunita Rao
Respondent: Amit Verma

Type: Divorce Petition under Hindu Marriage Act

Facts:
The parties were married in 2019. Due to irreconcilable differences and temperamental incompatibility, the marriage has irretrievably broken down. The parties have been living separately for over two years.

There are disputes regarding:
1. Division of matrimonial property
2. Custody of minor child
3. Maintenance/alimony

This is a civil family matter. The petitioner seeks dissolution of marriage and fair settlement of matrimonial property. Mediation has been attempted but failed.",0
"FIR - KIDNAPPING FOR RANSOM

Sections: 364A, 365 IPC (Kidnapping for ransom, Abduction)

Complainant: Family of John D'Souza
Accused: Manoj Tiwari and unknown others
Victim: John D'Souza

Complaint:
John D'Souza was abducted by armed men while returning home from office. The family received a ransom call demanding ₹10,000,000 for the victim's release.

The callers threatened to kill John D'Souza if police is informed. The voice in the ransom call was identified as that of Manoj Tiwari, who had previous enmity with the victim's family.

This is a serious criminal case of kidnapping for ransom. Request immediate action to rescue the victim and arrest the perpetrators.",1
"LAWYER NOTES - PROPERTY MATTER

Client: Emily Brown

Issue: Boundary dispute with neighbor Rohit Bhatia. Client's property survey shows encroachment of approximately 100 sq. ft. by the defendant's new construction.

Evidence Available:
1. Original sale deed showing clear boundaries
2. Recent survey report by licensed surveyor
3. Photographs showing encroachment
4. Witness statements from other neighbors

Strategy: File civil suit for mandatory injunction. This is purely a civil matter - no criminal trespass as there's a genuine boundary dispute. Seek removal of encroachment plus compensation.",0
"CHARGE SHEET - ATTEMPT TO MURDER

Sections: 307, 324 IPC (Attempt to Murder, Voluntarily causing hurt by dangerous weapon)

Accused: Ashok Bansal
Victim: Amit Verma

Facts:
The accused Ashok Bansal made a deliberate attempt on the life of Amit Verma by attacking with a knife. The victim sustained life-threatening injuries and was hospitalized for weeks.

Evidence:
- Medical report confirming injuries could have been fatal
- Murder weapon recovered
- Eyewitness testimony
- Motive established (property dispute)

This constitutes attempted murder under Section 307 IPC. The accused acted with clear intention to kill. Trial in Sessions Court recommended.",1
"CONSUMER COMPLAINT

Complainant: Kavita Gupta
Opposite Party: Best Electronics Store
Product: mobile phone
Amount: ₹75,000

Complaint:
The complainant purchased a mobile phone from the opposite party for ₹75,000. Within weeks of purchase, the product developed a major defect. Despite multiple complaints, neither repair nor replacement was provided.

The opposite party's service center has been unresponsive. The warranty claim was rejected citing frivolous reasons.

This is a consumer dispute under the Consumer Protection Act. The complainant seeks replacement of the defective product, compensation for mental agony, and litigation costs.

Prayer: Replacement/refund of ₹75,000 plus ₹50,000 as compensation.",0
"PROMISSORY NOTE

Loan Amount: ₹50,000

FOR VALUE RECEIVED, the undersigned, Meera Iyer (the ""Borrower""), promises to pay to the order of Michael Fernandes (the ""Lender"") the principal sum of ₹50,000.

TERMS OF REPAYMENT: The full amount is to be repaid within six months from the date of this note. No interest shall be accrued if paid by the due date.

Signature of Borrower: Meera Iyer

Note: The borrower has not repaid the amount despite multiple reminders. This matter is being taken to civil court for recovery.",0
"INVESTIGATION REPORT - DOCUMENT FORGERY

Accused: Priya Singh
Victim: Ritu Sharma
Sections: 467, 468, 471, 420 IPC

Investigation Findings:
The accused Priya Singh created forged bank documents/cheques to illegally transfer assets belonging to Ritu Sharma. Forensic examination of documents confirms:

1. Signature is forged - expert opinion obtained
2. Documents printed on backdated stamp paper
3. Witnesses listed are fictitious

The accused has committed criminal forgery for financial gain. Evidence is conclusive. Recommend arrest and prosecution in criminal court.",1
"PROMISSORY NOTE

Loan Amount: ₹100,000

FOR VALUE RECEIVED, the undersigned, Vikram Patel (the ""Borrower""), promises to pay to the order of Sarah Thomas (the ""Lender"") the principal sum of ₹100,000.

TERMS OF REPAYMENT: The full amount is to be repaid within six months from the date of this note. No interest shall be accrued if paid by the due date.

Signature of Borrower: Vikram Patel

Note: The borrower has not repaid the amount despite multiple reminders. This matter is being taken to civil court for recovery.",0
"FIR - DOMESTIC VIOLENCE

Sections: 498A, 323, 506 IPC (Cruelty, Assault, Criminal Intimidation)
Protection of Women from Domestic Violence Act

Complainant: Swati Pillai
Accused: Anita Reddy (Husband)

Complaint:
The complainant Swati Pillai has been subjected to continuous physical and mental torture by husband Anita Reddy. The accused regularly beats the complainant, often under the influence of alcohol.

Injuries: Multiple bruises, burn marks on arms, psychological trauma

The accused demands additional dowry and threatens to kill if family doesn't pay. This has been ongoing for the past two years. The complainant fears for her life.

This is a criminal case of domestic violence and marital cruelty. Request arrest of accused and protection for complainant.",1
"CONSUMER COMPLAINT

Complainant: Kavita Gupta
Opposite Party: Quality Home Appliances
Product: laptop
Amount: ₹25,000

Complaint:
The complainant purchased a laptop from the opposite party for ₹25,000. Within weeks of purchase, the product developed a major defect. Despite multiple complaints, neither repair nor replacement was provided.

The opposite party's service center has been unresponsive. The warranty claim was rejected citing frivolous reasons.

This is a consumer dispute under the Consumer Protection Act. The complainant seeks replacement of the defective product, compensation for mental agony, and litigation costs.

Prayer: Replacement/refund of ₹25,000 plus ₹50,000 as compensation.",0
"CONSUMER COMPLAINT

Complainant: Manoj Tiwari
Opposite Party: Metro Auto Dealers
Product: refrigerator
Amount: ₹150,000

Complaint:
The complainant purchased a refrigerator from the opposite party for ₹150,000. Within weeks of purchase, the product developed a major defect. Despite multiple complaints, neither repair nor replacement was provided.

The opposite party's service center has been unresponsive. The warranty claim was rejected citing frivolous reasons.

This is a consumer dispute under the Consumer Protection Act. The complainant seeks replacement of the defective product, compensation for mental agony, and litigation costs.

Prayer: Replacement/refund of ₹150,000 plus ₹50,000 as compensation.",0
"CASE INFORMATION - CIVIL SUIT

Court: Patiala House Courts, New Delhi
Case Number: CIV-2025-4475
Case Type: Civil Case (Recovery of Money)
Filing Date: May 1, 2025

Parties:
Plaintiff: Mr./Ms. Divya Menon
Defendant: Mr./Ms. Arjun Nath

Case Summary: The plaintiff, Divya Menon, has filed a suit for the recovery of ₹100,000 from the defendant, Arjun Nath. The plaintiff alleges that the loan was extended via a written promissory note with a repayment deadline that has passed. The defendant has failed to repay the amount by the stipulated date.

Current Status: Pending - Summons issued to the defendant.",0
"FIR - NDPS ACT VIOLATION

Sections: 21, 22, 29 NDPS Act (Possession, Sale, Conspiracy)

Accused: David Wilson
Substance: heroin
Quantity: 5 kilograms

Case Details:
Acting on intelligence input, a raid was conducted at the residence of the accused David Wilson. During search, 5 kilograms of heroin was recovered along with packaging material and weighing scales.

The accused was caught red-handed in possession of commercial quantity of contraband. Mobile records reveal the accused was involved in drug distribution network.

This is a serious criminal offense under the NDPS Act. The accused has been arrested and produced before the Special Court.",1
"DOMESTIC VIOLENCE CASE - INVESTIGATION REPORT

Victim: Meera Iyer
Accused: Priya Singh
Sections: 498A IPC, DV Act Sections 3, 12, 18

Investigation Findings:
Medical examination confirms multiple old and new injury marks on the victim consistent with physical abuse. Neighbors confirmed hearing sounds of beating from the house regularly.

The accused has been habitually cruel to the victim demanding dowry. Text messages threatening dire consequences recovered from accused's phone.

This is a criminal domestic violence case. Accused arrested. Protection order issued for victim. Criminal trial to proceed.",1
"FIR - THEFT/ROBBERY

Police Station: City Police Station
FIR Number: 457/2025
Sections: 379, 380 IPC (Theft, Theft in dwelling house)

Complainant: Deepa Nair
Accused: Swati Pillai (identified)

Incident:
On the night of the incident, unknown persons broke into my residence while I was away. Upon returning, I found the lock broken and the house ransacked.

Items Stolen:
vehicle (car) worth ₹8,00,000

During investigation, the accused Swati Pillai was identified based on CCTV footage. This is a criminal case of theft/burglary. Request immediate action and recovery of stolen property.",1
"LABOR DISPUTE - UNPAID WAGES

Petitioner: Emily Brown
Respondent: Business Systems Pvt Ltd

Claim Details:
The petitioner was employed with the respondent company as a senior professional. The monthly salary was ₹50,000. 

The respondent has failed to pay salary for the last 4 months amounting to ₹200,000. Additionally, the respondent has not deposited the PF contributions.

The petitioner was asked to resign without any dues being cleared. This constitutes a civil labor dispute for recovery of unpaid wages and statutory dues.

Relief Sought: Recovery of ₹200,000 as unpaid salary plus PF dues and interest.",0
"LAWYER NOTES - EVICTION MATTER

Client: Anil Kapoor (Landlord)
Opponent: John D'Souza (Tenant)

Facts:
- Tenancy since 2023, rent ₹30,000/month
- Non-payment of rent for 7 months = ₹210,000
- Tenant not vacating despite notice

Documents:
- Rent agreement (registered)
- Rent receipts showing default
- Legal notice sent (with acknowledgment)

Strategy: File eviction suit in Rent Controller court. This is purely civil in nature. Seek eviction + rent arrears + damages. Estimated timeline: 6-12 months.",0
"WRONGFUL TERMINATION CASE

Employee: Divya Menon
Employer: ABC Technologies Pvt Ltd

The employee was terminated without following due process. No show-cause notice was issued. The termination letter cited ""performance issues"" but no performance improvement plan was ever discussed.

Outstanding Dues:
- Unpaid salary: ₹200,000
- Notice period pay: ₹50,000
- Earned leave encashment: ₹25,000

This is a civil matter for wrongful termination and recovery of dues. To be filed before the Labor Commissioner.",0
"CHARGE SHEET - DRUG TRAFFICKING

Accused: Ritu Sharma
Sections: 21(c), 29 NDPS Act (Commercial quantity, Conspiracy)

Investigation established that the accused Ritu Sharma was running a drug trafficking operation. 5 kilograms of heroin was seized from the accused.

Evidence:
- Contraband recovered and sealed
- Chemical analysis report confirming substance
- Financial trail showing drug money
- Statements of buyers identifying accused

This is a criminal case involving commercial quantity narcotic substances. Recommend prosecution in Special NDPS Court.",1
"POSH COMMITTEE TO POLICE COMPLAINT

Complaint Transfer: Internal Committee to Police Station
Sections: 354A IPC (Sexual Harassment)

Accused Employee: Arjun Nath
Victim: Sunita Rao

The Internal Complaints Committee (ICC) investigated allegations of sexual harassment at workplace. The Committee found prima facie case of severe sexual harassment warranting criminal action.

Evidence examined:
- Email and message evidence
- Testimony of complainant and witnesses
- CCTV footage

This criminal matter is being forwarded to police for FIR registration and prosecution under appropriate IPC sections.",1
"FAMILY COURT MATTER - MAINTENANCE

Applicant: Anita Reddy
Respondent: John D'Souza

Application for interim maintenance under Section 125 CrPC.

The applicant and respondent are legally married. The respondent has deserted the applicant and is not providing any financial support. The applicant has no independent source of income.

Prayer: Monthly maintenance of ₹50,000 pending divorce proceedings.

Note: This is a civil matrimonial dispute regarding maintenance and not a criminal matter.",0
"CRIMINAL CASE - HOUSE BREAKING AND THEFT

Victim: Neha Agarwal
Accused: Anil Kapoor

The accused Anil Kapoor criminally trespassed into the locked house of the victim at night and committed theft of valuable items including vehicle (car) worth ₹8,00,000.

This constitutes criminal offenses under IPC Sections 454 (House trespass), 457 (Lurking house-trespass by night), and 380 (Theft in dwelling house).

The accused has previous criminal history. Request stringent action. This is a serious criminal matter, not a civil dispute.",1
"CONSUMER COMPLAINT

Complainant: Kavita Gupta
Opposite Party: Prime Furniture House
Product: mobile phone
Amount: ₹150,000

Complaint:
The complainant purchased a mobile phone from the opposite party for ₹150,000. Within weeks of purchase, the product developed a major defect. Despite multiple complaints, neither repair nor replacement was provided.

The opposite party's service center has been unresponsive. The warranty claim was rejected citing frivolous reasons.

This is a consumer dispute under the Consumer Protection Act. The complainant seeks replacement of the defective product, compensation for mental agony, and litigation costs.

Prayer: Replacement/refund of ₹150,000 plus ₹50,000 as compensation.",0
"CRIMINAL EXTORTION CASE

Accused: Rekha Joshi
Victim: Sarah Thomas
Sections: 384, 385 IPC (Extortion, Attempt to Extort)

The accused Rekha Joshi has been running an extortion racket. Multiple victims including Sarah Thomas have been threatened and forced to pay money.

Evidence:
- Recorded threatening phone calls
- WhatsApp messages with death threats
- Bank transfers under duress
- Multiple victim statements

This is organized criminal extortion. The accused has prior criminal records. Recommend arrest and prosecution.",1
"PROPERTY OWNERSHIP DISPUTE

Parties involved: Manoj Tiwari vs Amit Verma

The dispute concerns ancestral property that was divided among family members. Manoj Tiwari claims that Amit Verma has occupied a portion of land that was allocated to the plaintiff in the family settlement deed.

Documents examined:
- Family settlement deed from 2010
- Property registration documents
- Revenue records

Opinion: This is a civil dispute regarding interpretation of family settlement. Recommend filing civil suit for partition and specific performance. No criminal elements involved.",0
"DEMAND NOTICE - BREACH OF CONTRACT

To: Divya Menon

Subject: Legal Notice for Recovery of ₹100,000

This notice is being sent on behalf of my client Rohit Bhatia.

My client had engaged your services for interior design work. A written contract was executed and advance payment of ₹60,000 was made.

You have failed to deliver the services as agreed. My client demands:
1. Immediate refund of advance payment
2. Compensation for losses suffered

If we do not receive satisfactory response within 15 days, we shall be constrained to initiate civil proceedings against you. This is a civil dispute - treat this notice seriously.",0
"FIR - DOMESTIC VIOLENCE

Sections: 498A, 323, 506 IPC (Cruelty, Assault, Criminal Intimidation)
Protection of Women from Domestic Violence Act

Complainant: Sarah Thomas
Accused: Rekha Joshi (Husband)

Complaint:
The complainant Sarah Thomas has been subjected to continuous physical and mental torture by husband Rekha Joshi. The accused regularly beats the complainant, often under the influence of alcohol.

Injuries: Multiple bruises, burn marks on arms, psychological trauma

The accused demands additional dowry and threatens to kill if family doesn't pay. This has been ongoing for the past two years. The complainant fears for her life.

This is a criminal case of domestic violence and marital cruelty. Request arrest of accused and protection for complainant.",1
"FAMILY COURT MATTER - MAINTENANCE

Applicant: Ritu Sharma
Respondent: Arjun Nath

Application for interim maintenance under Section 125 CrPC.

The applicant and respondent are legally married. The respondent has deserted the applicant and is not providing any financial support. The applicant has no independent source of income.

Prayer: Monthly maintenance of ₹50,000 pending divorce proceedings.

Note: This is a civil matrimonial dispute regarding maintenance and not a criminal matter.",0
"CRIMINAL CASE - HOMICIDE

Case Type: Murder (Section 302 IPC)
Accused: Vikram Patel
Victim/Deceased: Swati Pillai

The accused Vikram Patel has been charged with the murder of Swati Pillai. Investigation reveals the accused poisoned the victim's food over several days, leading to death.

Forensic Evidence:
- Poison traces found in victim's body
- Purchase records linking accused to poison
- Life insurance policy naming accused as beneficiary

This is a case of planned criminal homicide for financial gain. The accused should be prosecuted for murder.",1
"CHARGE SHEET - DRUG TRAFFICKING

Accused: Sanjay Mehta
Sections: 21(c), 29 NDPS Act (Commercial quantity, Conspiracy)

Investigation established that the accused Sanjay Mehta was running a drug trafficking operation. 100 grams of methamphetamine was seized from the accused.

Evidence:
- Contraband recovered and sealed
- Chemical analysis report confirming substance
- Financial trail showing drug money
- Statements of buyers identifying accused

This is a criminal case involving commercial quantity narcotic substances. Recommend prosecution in Special NDPS Court.",1
"POSH COMMITTEE TO POLICE COMPLAINT

Complaint Transfer: Internal Committee to Police Station
Sections: 354A IPC (Sexual Harassment)

Accused Employee: Deepa Nair
Victim: Sunita Rao

The Internal Complaints Committee (ICC) investigated allegations of sexual harassment at office premises. The Committee found prima facie case of severe sexual harassment warranting criminal action.

Evidence examined:
- Email and message evidence
- Testimony of complainant and witnesses
- CCTV footage

This criminal matter is being forwarded to police for FIR registration and prosecution under appropriate IPC sections.",1
"CIVIL SUIT - EVICTION AND RENT RECOVERY

Plaintiff/Landlord: Kavita Gupta
Defendant/Tenant: Ashok Bansal
Monthly Rent: ₹20,000
Outstanding Rent: ₹160,000 (8 months)

Statement of Facts:
The plaintiff is the owner of the residential premises. The defendant has been a tenant since 2023 at a monthly rent of ₹20,000. 

The defendant has defaulted on rent payments for the last 8 months. Multiple verbal and written reminders have been ignored. The defendant has also caused damage to the property.

Relief Sought:
1. Eviction of the defendant from the premises
2. Recovery of outstanding rent of ₹160,000
3. Compensation for property damage
4. Future rent until actual eviction

This is a civil landlord-tenant dispute under the Rent Control Act.",0
"LAWYER NOTES - PROPERTY MATTER

Client: Rekha Joshi

Issue: Boundary dispute with neighbor Vikram Patel. Client's property survey shows encroachment of approximately 100 sq. ft. by the defendant's new construction.

Evidence Available:
1. Original sale deed showing clear boundaries
2. Recent survey report by licensed surveyor
3. Photographs showing encroachment
4. Witness statements from other neighbors

Strategy: File civil suit for mandatory injunction. This is purely a civil matter - no criminal trespass as there's a genuine boundary dispute. Seek removal of encroachment plus compensation.",0
"FIR - THEFT/ROBBERY

Police Station: City Police Station
FIR Number: 882/2025
Sections: 379, 380 IPC (Theft, Theft in dwelling house)

Complainant: Sarah Thomas
Accused: Arjun Nath (identified)

Incident:
On the night of the incident, unknown persons broke into my residence while I was away. Upon returning, I found the lock broken and the house ransacked.

Items Stolen:
gold jewelry worth ₹5,00,000

During investigation, the accused Arjun Nath was identified based on CCTV footage. This is a criminal case of theft/burglary. Request immediate action and recovery of stolen property.",1
"PROPERTY OWNERSHIP DISPUTE

Parties involved: Amit Verma vs Manoj Tiwari

The dispute concerns ancestral property that was divided among family members. Amit Verma claims that Manoj Tiwari has occupied a portion of land that was allocated to the plaintiff in the family settlement deed.

Documents examined:
- Family settlement deed from 2010
- Property registration documents
- Revenue records

Opinion: This is a civil dispute regarding interpretation of family settlement. Recommend filing civil suit for partition and specific performance. No criminal elements involved.",0
"POSH COMMITTEE TO POLICE COMPLAINT

Complaint Transfer: Internal Committee to Police Station
Sections: 354A IPC (Sexual Harassment)

Accused Employee: Ashok Bansal
Victim: Meera Iyer

The Internal Complaints Committee (ICC) investigated allegations of sexual harassment at office premises. The Committee found prima facie case of severe sexual harassment warranting criminal action.

Evidence examined:
- Email and message evidence
- Testimony of complainant and witnesses
- CCTV footage

This criminal matter is being forwarded to police for FIR registration and prosecution under appropriate IPC sections.",1
"DEFICIENCY IN SERVICE - CONSUMER MATTER

Consumer: Suresh Kumar
Service Provider: Best Electronics Store
Amount Paid: ₹75,000

The consumer availed services from the opposite party but the services rendered were grossly deficient. The opposite party failed to meet the promised standards and specifications.

Multiple complaints were made but no satisfactory resolution was provided. This constitutes deficiency in service under consumer law.

This is a civil consumer dispute. Seeking refund and compensation through Consumer Forum.",0
"LAWYER NOTES - EVICTION MATTER

Client: Raj Sharma (Landlord)
Opponent: Anil Kapoor (Tenant)

Facts:
- Tenancy since 2023, rent ₹25,000/month
- Non-payment of rent for 6 months = ₹150,000
- Tenant not vacating despite notice

Documents:
- Rent agreement (registered)
- Rent receipts showing default
- Legal notice sent (with acknowledgment)

Strategy: File eviction suit in Rent Controller court. This is purely civil in nature. Seek eviction + rent arrears + damages. Estimated timeline: 6-12 months.",0
"CIVIL SUIT - EVICTION AND RENT RECOVERY

Plaintiff/Landlord: Kavita Gupta
Defendant/Tenant: Kiran Desai
Monthly Rent: ₹50,000
Outstanding Rent: ₹400,000 (8 months)

Statement of Facts:
The plaintiff is the owner of the residential premises. The defendant has been a tenant since 2023 at a monthly rent of ₹50,000. 

The defendant has defaulted on rent payments for the last 8 months. Multiple verbal and written reminders have been ignored. The defendant has also caused damage to the property.

Relief Sought:
1. Eviction of the defendant from the premises
2. Recovery of outstanding rent of ₹400,000
3. Compensation for property damage
4. Future rent until actual eviction

This is a civil landlord-tenant dispute under the Rent Control Act.",0
"FIR - MURDER CASE

Police Station: Crime Branch
FIR Number: 947/2025
Sections: 302, 201 IPC (Murder, Causing disappearance of evidence)

Deceased: Michael Fernandes
Accused: Sunita Rao

Case Summary:
The body of Michael Fernandes was found at the outskirts of the city. Post-mortem report confirms death due to stab wounds and strangulation. The victim was last seen with the accused Sunita Rao.

Investigation reveals the accused had ongoing disputes with the deceased over financial matters. Mobile records and witnesses place the accused at the crime scene.

This is a case of premeditated murder. The accused Sunita Rao has been arrested. Charge sheet being prepared for trial in Sessions Court.",1
"CHARGE SHEET - CRIMINAL CASE

Accused: Priya Singh
Victim: Amit Verma
Sections: 325, 506 IPC (Grievous Hurt, Criminal Intimidation)

Investigation Summary:
Based on the FIR and investigation, it is established that the accused Priya Singh brutally assaulted the victim Amit Verma with an iron rod, causing multiple fractures.

Evidence Collected:
1. Medical report confirming grievous injuries
2. Weapon recovered (iron rod with blood stains)
3. Eyewitness statements from two persons
4. CCTV footage from nearby shop

Conclusion: Prima facie criminal case established. Recommend prosecution of accused for grievous hurt under IPC.",1
"DEFICIENCY IN SERVICE - CONSUMER MATTER

Consumer: Rekha Joshi
Service Provider: Metro Auto Dealers
Amount Paid: ₹75,000

The consumer availed services from the opposite party but the services rendered were grossly deficient. The opposite party failed to meet the promised standards and specifications.

Multiple complaints were made but no satisfactory resolution was provided. This constitutes deficiency in service under consumer law.

This is a civil consumer dispute. Seeking refund and compensation through Consumer Forum.",0
"POSH COMMITTEE TO POLICE COMPLAINT

Complaint Transfer: Internal Committee to Police Station
Sections: 354A IPC (Sexual Harassment)

Accused Employee: Ritu Sharma
Victim: Deepa Nair

The Internal Complaints Committee (ICC) investigated allegations of sexual harassment at public transport. The Committee found prima facie case of severe sexual harassment warranting criminal action.

Evidence examined:
- Email and message evidence
- Testimony of complainant and witnesses
- CCTV footage

This criminal matter is being forwarded to police for FIR registration and prosecution under appropriate IPC sections.",1
"DEFICIENCY IN SERVICE - CONSUMER MATTER

Consumer: Anita Reddy
Service Provider: Super Gadgets Ltd
Amount Paid: ₹25,000

The consumer availed services from the opposite party but the services rendered were grossly deficient. The opposite party failed to meet the promised standards and specifications.

Multiple complaints were made but no satisfactory resolution was provided. This constitutes deficiency in service under consumer law.

This is a civil consumer dispute. Seeking refund and compensation through Consumer Forum.",0
"CHARGE SHEET - ATTEMPT TO MURDER

Sections: 307, 324 IPC (Attempt to Murder, Voluntarily causing hurt by dangerous weapon)

Accused: David Wilson
Victim: John D'Souza

Facts:
The accused David Wilson made a deliberate attempt on the life of John D'Souza by attacking with a knife. The victim sustained life-threatening injuries and was hospitalized for weeks.

Evidence:
- Medical report confirming injuries could have been fatal
- Murder weapon recovered
- Eyewitness testimony
- Motive established (property dispute)

This constitutes attempted murder under Section 307 IPC. The accused acted with clear intention to kill. Trial in Sessions Court recommended.",1
"CRIMINAL INVESTIGATION - FINANCIAL FRAUD

Accused: Arjun Nath
Victims: David Wilson and others
Total Amount: ₹5,000,000+

Investigation established that the accused ran a fake job placement agency collecting registration fees, collecting money from multiple victims with false promises. 

The accused used fake identity documents and opened bank accounts for laundering the defrauded money. This is a case of organized financial crime.

Sections: 420 (Cheating), 406 (Criminal breach of trust), 34 (Common intention) IPC

The accused is a habitual offender. Criminal prosecution recommended.",1
"FIR - CRIMINAL INTIMIDATION AND EXTORTION

Sections: 384, 506, 507 IPC (Extortion, Criminal Intimidation, Anonymous Threats)

Complainant: John D'Souza
Accused: Manoj Tiwari

Complaint:
The accused Manoj Tiwari has been threatening me and my family, demanding ₹500,000. The accused has sent threatening messages saying he will kill my children if I don't pay.

The accused is known to have criminal connections. I am under constant fear. The accused has also threatened to destroy my business if I approach the police.

Threat messages and call recordings are available as evidence. This is a criminal case of extortion and criminal intimidation. Request urgent action and protection for my family.",1
"LAWYER NOTES - CONFIDENTIAL

Client: Sarah Thomas (Plaintiff)
Matter: Recovery of ₹150,000 from Meera Iyer

Case Strategy:
Primary evidence is the signed promissory note. Very strong documentation.
The witness is reliable and willing to testify about the loan agreement.
Email chain shows Meera Iyer acknowledging the debt and failure to pay.
Our primary argument is a straightforward breach of contract.

Client Position: Firm on recovering the full amount. Not interested in settlement for a lesser sum at this stage. Feels betrayed as it was a personal loan to a friend.",0
"FIR - SEXUAL HARASSMENT

Sections: 354, 354A, 509 IPC (Assault/Criminal force with intent to outrage modesty, Sexual Harassment)

Complainant: Pooja Malhotra
Accused: Kiran Desai
Location: college campus

Complaint:
The accused Kiran Desai has been sexually harassing me at college campus. The harassment includes inappropriate touching, obscene remarks, and unwanted advances.

Despite clear rejection, the accused continued the harassment. The accused also threatened consequences if I reported the matter.

Statement of a witness has been recorded. This is a criminal case of sexual harassment under IPC. Request arrest of accused and appropriate protection measures.",1
"FIR - CRIMINAL FRAUD AND CHEATING

Sections: 420, 406, 468, 471 IPC (Cheating, Criminal Breach of Trust, Forgery)

Complainant: Arjun Nath
Accused: Emily Brown

Criminal Complaint:
The accused Emily Brown cheated me of ₹2,500,000 through a fraudulent property sale with forged documents. The accused made false promises and representations to induce me to invest/pay money.

After receiving the money, the accused absconded. Upon investigation, I found that the entire scheme was fraudulent and the documents provided by the accused were forged.

This is a clear case of criminal fraud and cheating. The accused has deliberately deceived me with dishonest intention. Request registration of FIR and arrest of the accused.",1
"FIR - CRIMINAL INTIMIDATION AND EXTORTION

Sections: 384, 506, 507 IPC (Extortion, Criminal Intimidation, Anonymous Threats)

Complainant: Anita Reddy
Accused: Kavita Gupta

Complaint:
The accused Kavita Gupta has been threatening me and my family, demanding ₹1,000,000. The accused has sent threatening messages saying he will kill my children if I don't pay.

The accused is known to have criminal connections. I am under constant fear. The accused has also threatened to destroy my business if I approach the police.

Threat messages and call recordings are available as evidence. This is a criminal case of extortion and criminal intimidation. Request urgent action and protection for my family.",1
"FIR - FIRST INFORMATION REPORT

Police Station: Central Police Station
FIR Number: 753/2025
Sections: 323, 324, 506 IPC (Assault, Causing Hurt, Criminal Intimidation)

Complainant: Swati Pillai
Accused: Sarah Thomas

Statement:
On the evening of Tuesday, at approximately 8 PM, the accused Sarah Thomas attacked me near 234 Lake View, Vasant Kunj. 

The accused attacked me with a wooden stick causing injuries to my head and arms. He also threatened to kill me if I report to the police. I sustained bleeding injuries and was taken to the hospital.

This is a criminal case of assault and criminal intimidation. The accused should be arrested and prosecuted.",1
"CYBER CRIME COMPLAINT - ONLINE FRAUD

Sections: 420 IPC, Section 66D IT Act

Victim: Neha Agarwal
Accused/Suspect: Rekha Joshi
Amount Defrauded: ₹5,000,000

Details of Cyber Fraud:
The accused operated a fake job placement agency collecting registration fees. The victim was contacted through social media and convinced to transfer money with promises of high returns.

Multiple transactions were made to the accused's bank account. After collecting ₹5,000,000, the accused blocked all communication and disappeared.

Evidence: Bank statements, WhatsApp chats, Email correspondence

This is a criminal case of cyber fraud under IPC and IT Act. Request urgent action.",1
"FIR - CRIMINAL FRAUD AND CHEATING

Sections: 420, 406, 468, 471 IPC (Cheating, Criminal Breach of Trust, Forgery)

Complainant: Vijay Saxena
Accused: Divya Menon

Criminal Complaint:
The accused Divya Menon cheated me of ₹5,000,000 through a ponzi scheme disguised as trading platform. The accused made false promises and representations to induce me to invest/pay money.

After receiving the money, the accused absconded. Upon investigation, I found that the entire scheme was fraudulent and the documents provided by the accused were forged.

This is a clear case of criminal fraud and cheating. The accused has deliberately deceived me with dishonest intention. Request registration of FIR and arrest of the accused.",1
"CIVIL SUIT - PROPERTY DISPUTE

Court: Kolkata High Court
Case Type: Property/Land Dispute

Plaintiff: Suresh Kumar
Defendant: David Wilson

Facts of the Case:
The plaintiff owns a residential property at 456 Park Avenue, South Delhi. The defendant, who is the neighbor, has unlawfully constructed a boundary wall that encroaches approximately 3 feet onto the plaintiff's land.

Despite multiple requests for removal of the encroachment, the defendant has refused to comply. The plaintiff seeks a mandatory injunction directing the defendant to demolish the encroaching construction and restore the land.

Relief Sought: Mandatory injunction for removal of encroachment and damages for illegal possession.",0
"LAWYER NOTES - CONFIDENTIAL

Client: Deepa Nair (Plaintiff)
Matter: Recovery of ₹100,000 from Emily Brown

Case Strategy:
Primary evidence is the signed promissory note. Very strong documentation.
The witness is reliable and willing to testify about the loan agreement.
Email chain shows Emily Brown acknowledging the debt and failure to pay.
Our primary argument is a straightforward breach of contract.

Client Position: Firm on recovering the full amount. Not interested in settlement for a lesser sum at this stage. Feels betrayed as it was a personal loan to a friend.",0
"FAMILY COURT MATTER - MAINTENANCE

Applicant: Sunita Rao
Respondent: Ashok Bansal

Application for interim maintenance under Section 125 CrPC.

The applicant and respondent are legally married. The respondent has deserted the applicant and is not providing any financial support. The applicant has no independent source of income.

Prayer: Monthly maintenance of ₹50,000 pending divorce proceedings.

Note: This is a civil matrimonial dispute regarding maintenance and not a criminal matter.",0
"PROMISSORY NOTE

Loan Amount: ₹50,000

FOR VALUE RECEIVED, the undersigned, John D'Souza (the ""Borrower""), promises to pay to the order of Rahul Khanna (the ""Lender"") the principal sum of ₹50,000.

TERMS OF REPAYMENT: The full amount is to be repaid within six months from the date of this note. No interest shall be accrued if paid by the due date.

Signature of Borrower: John D'Souza

Note: The borrower has not repaid the amount despite multiple reminders. This matter is being taken to civil court for recovery.",0
"INVESTIGATION REPORT - ABDUCTION CASE

Case: Kidnapping of Suresh Kumar
Prime Accused: Rohit Bhatia
Sections: 364, 368 IPC (Kidnapping, Wrongfully concealing abducted person)

Investigation Summary:
The victim Suresh Kumar was kidnapped from outside their residence. The accused Rohit Bhatia was part of the kidnapping gang that held the victim captive for 5 days.

Ransom of ₹2,500,000 was demanded. Through technical surveillance, the hideout was located and the victim was rescued. The accused was arrested from the spot.

This is a criminal case of kidnapping and wrongful confinement. Charge sheet prepared for trial.",1
"FAMILY COURT MATTER - MAINTENANCE

Applicant: Rekha Joshi
Respondent: Kiran Desai

Application for interim maintenance under Section 125 CrPC.

The applicant and respondent are legally married. The respondent has deserted the applicant and is not providing any financial support. The applicant has no independent source of income.

Prayer: Monthly maintenance of ₹50,000 pending divorce proceedings.

Note: This is a civil matrimonial dispute regarding maintenance and not a criminal matter.",0
"FAMILY COURT MATTER - MAINTENANCE

Applicant: Divya Menon
Respondent: Kiran Desai

Application for interim maintenance under Section 125 CrPC.

The applicant and respondent are legally married. The respondent has deserted the applicant and is not providing any financial support. The applicant has no independent source of income.

Prayer: Monthly maintenance of ₹50,000 pending divorce proceedings.

Note: This is a civil matrimonial dispute regarding maintenance and not a criminal matter.",0
"FIR - KIDNAPPING FOR RANSOM

Sections: 364A, 365 IPC (Kidnapping for ransom, Abduction)

Complainant: Family of Deepa Nair
Accused: Kiran Desai and unknown others
Victim: Deepa Nair

Complaint:
Deepa Nair was abducted by armed men while returning home from office. The family received a ransom call demanding ₹1,000,000 for the victim's release.

The callers threatened to kill Deepa Nair if police is informed. The voice in the ransom call was identified as that of Kiran Desai, who had previous enmity with the victim's family.

This is a serious criminal case of kidnapping for ransom. Request immediate action to rescue the victim and arrest the perpetrators.",1
"FIR - KIDNAPPING FOR RANSOM

Sections: 364A, 365 IPC (Kidnapping for ransom, Abduction)

Complainant: Family of Swati Pillai
Accused: Vikram Patel and unknown others
Victim: Swati Pillai

Complaint:
Swati Pillai was abducted by armed men while returning home from office. The family received a ransom call demanding ₹1,000,000 for the victim's release.

The callers threatened to kill Swati Pillai if police is informed. The voice in the ransom call was identified as that of Vikram Patel, who had previous enmity with the victim's family.

This is a serious criminal case of kidnapping for ransom. Request immediate action to rescue the victim and arrest the perpetrators.",1
"FIR - DOMESTIC VIOLENCE

Sections: 498A, 323, 506 IPC (Cruelty, Assault, Criminal Intimidation)
Protection of Women from Domestic Violence Act

Complainant: Meera Iyer
Accused: Neha Agarwal (Husband)

Complaint:
The complainant Meera Iyer has been subjected to continuous physical and mental torture by husband Neha Agarwal. The accused regularly beats the complainant, often under the influence of alcohol.

Injuries: Multiple bruises, burn marks on arms, psychological trauma

The accused demands additional dowry and threatens to kill if family doesn't pay. This has been ongoing for the past two years. The complainant fears for her life.

This is a criminal case of domestic violence and marital cruelty. Request arrest of accused and protection for complainant.",1
"FIR - DOMESTIC VIOLENCE

Sections: 498A, 323, 506 IPC (Cruelty, Assault, Criminal Intimidation)
Protection of Women from Domestic Violence Act

Complainant: Divya Menon
Accused: Emily Brown (Husband)

Complaint:
The complainant Divya Menon has been subjected to continuous physical and mental torture by husband Emily Brown. The accused regularly beats the complainant, often under the influence of alcohol.

Injuries: Multiple bruises, burn marks on arms, psychological trauma

The accused demands additional dowry and threatens to kill if family doesn't pay. This has been ongoing for the past two years. The complainant fears for her life.

This is a criminal case of domestic violence and marital cruelty. Request arrest of accused and protection for complainant.",1
"FIR - FORGERY AND FRAUD

Sections: 465, 467, 468, 471 IPC (Forgery, Forgery of valuable security, Using forged document as genuine)

Complainant: Divya Menon
Accused: Priya Singh

Criminal Complaint:
The accused Priya Singh has forged property registration documents pretending to be me/act on my behalf. Using these forged documents, the accused fraudulently transferred property/funds.

The signature on the documents is not mine - this can be verified through handwriting analysis. The accused took advantage of my absence from the country to commit this fraud.

This is a case of criminal forgery and fraud. The accused should be arrested and the fraudulent transactions reversed.",1
"LAWYER NOTES - CONFIDENTIAL

Client: Anita Reddy (Plaintiff)
Matter: Recovery of ₹200,000 from Sunita Rao

Case Strategy:
Primary evidence is the signed promissory note. Very strong documentation.
The witness is reliable and willing to testify about the loan agreement.
Email chain shows Sunita Rao acknowledging the debt and failure to pay.
Our primary argument is a straightforward breach of contract.

Client Position: Firm on recovering the full amount. Not interested in settlement for a lesser sum at this stage. Feels betrayed as it was a personal loan to a friend.",0
"TENANT DISPUTE SUMMARY

Sanjay Mehta has been occupying the property owned by Suresh Kumar and has failed to pay rent for 6 consecutive months, totaling ₹210,000.

The tenant also refuses to vacate the premises despite the lease agreement having expired. This constitutes a civil dispute regarding rental arrears and unlawful occupation.

Recommended action: File civil suit for eviction and recovery. No criminal element as this is a contractual tenancy matter.",0
"LAWYER NOTES - EVICTION MATTER

Client: Raj Sharma (Landlord)
Opponent: Pooja Malhotra (Tenant)

Facts:
- Tenancy since 2023, rent ₹25,000/month
- Non-payment of rent for 6 months = ₹150,000
- Tenant not vacating despite notice

Documents:
- Rent agreement (registered)
- Rent receipts showing default
- Legal notice sent (with acknowledgment)

Strategy: File eviction suit in Rent Controller court. This is purely civil in nature. Seek eviction + rent arrears + damages. Estimated timeline: 6-12 months.",0
"POSH COMMITTEE TO POLICE COMPLAINT

Complaint Transfer: Internal Committee to Police Station
Sections: 354A IPC (Sexual Harassment)

Accused Employee: Rekha Joshi
Victim: Pooja Malhotra

The Internal Complaints Committee (ICC) investigated allegations of sexual harassment at public transport. The Committee found prima facie case of severe sexual harassment warranting criminal action.

Evidence examined:
- Email and message evidence
- Testimony of complainant and witnesses
- CCTV footage

This criminal matter is being forwarded to police for FIR registration and prosecution under appropriate IPC sections.",1
"CRIMINAL EXTORTION CASE

Accused: Rahul Khanna
Victim: Deepa Nair
Sections: 384, 385 IPC (Extortion, Attempt to Extort)

The accused Rahul Khanna has been running an extortion racket. Multiple victims including Deepa Nair have been threatened and forced to pay money.

Evidence:
- Recorded threatening phone calls
- WhatsApp messages with death threats
- Bank transfers under duress
- Multiple victim statements

This is organized criminal extortion. The accused has prior criminal records. Recommend arrest and prosecution.",1
"CRIMINAL INVESTIGATION - FINANCIAL FRAUD

Accused: Vikram Patel
Victims: John D'Souza and others
Total Amount: ₹10,000,000+

Investigation established that the accused ran a fake job placement agency collecting registration fees, collecting money from multiple victims with false promises. 

The accused used fake identity documents and opened bank accounts for laundering the defrauded money. This is a case of organized financial crime.

Sections: 420 (Cheating), 406 (Criminal breach of trust), 34 (Common intention) IPC

The accused is a habitual offender. Criminal prosecution recommended.",1
"CRIMINAL COMPLAINT - ASSAULT

Complainant/Victim: Divya Menon
Accused Person: Sunita Rao

Details of Crime:
The accused Sunita Rao physically assaulted the complainant Divya Menon with a sharp weapon inflicting serious injuries. The attack was premeditated and the accused had been making threats for several weeks.

Injuries Sustained:
- Deep cut on the left arm requiring 15 stitches
- Bruises on face and chest
- Psychological trauma

This is a serious criminal offense of assault causing grievous bodily harm. Request immediate arrest of the accused and criminal prosecution.",1
"DEFICIENCY IN SERVICE - CONSUMER MATTER

Consumer: Rekha Joshi
Service Provider: Quality Home Appliances
Amount Paid: ₹45,000

The consumer availed services from the opposite party but the services rendered were grossly deficient. The opposite party failed to meet the promised standards and specifications.

Multiple complaints were made but no satisfactory resolution was provided. This constitutes deficiency in service under consumer law.

This is a civil consumer dispute. Seeking refund and compensation through Consumer Forum.",0
"LABOR DISPUTE - UNPAID WAGES

Petitioner: Pooja Malhotra
Respondent: Business Systems Pvt Ltd

Claim Details:
The petitioner was employed with the respondent company as a senior professional. The monthly salary was ₹75,000. 

The respondent has failed to pay salary for the last 5 months amounting to ₹375,000. Additionally, the respondent has not deposited the PF contributions.

The petitioner was asked to resign without any dues being cleared. This constitutes a civil labor dispute for recovery of unpaid wages and statutory dues.

Relief Sought: Recovery of ₹375,000 as unpaid salary plus PF dues and interest.",0
"DEMAND NOTICE - BREACH OF CONTRACT

To: Ashok Bansal

Subject: Legal Notice for Recovery of ₹1,000,000

This notice is being sent on behalf of my client Rahul Khanna.

My client had engaged your services for wedding photography. A written contract was executed and advance payment of ₹600,000 was made.

You have failed to deliver the services as agreed. My client demands:
1. Immediate refund of advance payment
2. Compensation for losses suffered

If we do not receive satisfactory response within 15 days, we shall be constrained to initiate civil proceedings against you. This is a civil dispute - treat this notice seriously.",0
"CIVIL SUIT - PROPERTY DISPUTE

Court: Patiala House Courts, New Delhi
Case Type: Property/Land Dispute

Plaintiff: Anil Kapoor
Defendant: Rohit Bhatia

Facts of the Case:
The plaintiff owns a residential property at 202 Garden Path, Lajpat Nagar. The defendant, who is the neighbor, has unlawfully constructed a boundary wall that encroaches approximately 3 feet onto the plaintiff's land.

Despite multiple requests for removal of the encroachment, the defendant has refused to comply. The plaintiff seeks a mandatory injunction directing the defendant to demolish the encroaching construction and restore the land.

Relief Sought: Mandatory injunction for removal of encroachment and damages for illegal possession.",0
"DOMESTIC VIOLENCE CASE - INVESTIGATION REPORT

Victim: Priya Singh
Accused: Pooja Malhotra
Sections: 498A IPC, DV Act Sections 3, 12, 18

Investigation Findings:
Medical examination confirms multiple old and new injury marks on the victim consistent with physical abuse. Neighbors confirmed hearing sounds of beating from the house regularly.

The accused has been habitually cruel to the victim demanding dowry. Text messages threatening dire consequences recovered from accused's phone.

This is a criminal domestic violence case. Accused arrested. Protection order issued for victim. Criminal trial to proceed.",1
"LAWYER NOTES - CONFIDENTIAL

Client: Raj Sharma (Plaintiff)
Matter: Recovery of ₹200,000 from Vijay Saxena

Case Strategy:
Primary evidence is the signed promissory note. Very strong documentation.
The witness is reliable and willing to testify about the loan agreement.
Email chain shows Vijay Saxena acknowledging the debt and failure to pay.
Our primary argument is a straightforward breach of contract.

Client Position: Firm on recovering the full amount. Not interested in settlement for a lesser sum at this stage. Feels betrayed as it was a personal loan to a friend.",0
"CIVIL SUIT FOR BREACH OF CONTRACT

Plaintiff: Sanjay Mehta
Defendant: Deepa Nair
Amount in Dispute: ₹100,000

Statement of Claim:
The plaintiff entered into a contract with the defendant for home renovation on agreed terms. The total contract value was ₹100,000, of which the plaintiff has already paid 60% as advance.

The defendant has failed to complete the work as per the agreed specifications and timeline. Despite multiple reminders, the defendant has neither completed the work nor refunded the advance amount.

The plaintiff seeks recovery of ₹60,000 paid as advance, along with damages for mental harassment and legal costs.

This is a civil matter arising from breach of commercial contract.",0
"CYBER CRIME COMPLAINT - ONLINE FRAUD

Sections: 420 IPC, Section 66D IT Act

Victim: Emily Brown
Accused/Suspect: Meera Iyer
Amount Defrauded: ₹1,000,000

Details of Cyber Fraud:
The accused operated a fraudulent loan approval scheme. The victim was contacted through social media and convinced to transfer money with promises of high returns.

Multiple transactions were made to the accused's bank account. After collecting ₹1,000,000, the accused blocked all communication and disappeared.

Evidence: Bank statements, WhatsApp chats, Email correspondence

This is a criminal case of cyber fraud under IPC and IT Act. Request urgent action.",1
"CHARGE SHEET - CRIMINAL CASE

Accused: Ashok Bansal
Victim: Neha Agarwal
Sections: 325, 506 IPC (Grievous Hurt, Criminal Intimidation)

Investigation Summary:
Based on the FIR and investigation, it is established that the accused Ashok Bansal brutally assaulted the victim Neha Agarwal with an iron rod, causing multiple fractures.

Evidence Collected:
1. Medical report confirming grievous injuries
2. Weapon recovered (iron rod with blood stains)
3. Eyewitness statements from two persons
4. CCTV footage from nearby shop

Conclusion: Prima facie criminal case established. Recommend prosecution of accused for grievous hurt under IPC.",1
"FIR - DOMESTIC VIOLENCE

Sections: 498A, 323, 506 IPC (Cruelty, Assault, Criminal Intimidation)
Protection of Women from Domestic Violence Act

Complainant: Anita Reddy
Accused: Vijay Saxena (Husband)

Complaint:
The complainant Anita Reddy has been subjected to continuous physical and mental torture by husband Vijay Saxena. The accused regularly beats the complainant, often under the influence of alcohol.

Injuries: Multiple bruises, burn marks on arms, psychological trauma

The accused demands additional dowry and threatens to kill if family doesn't pay. This has been ongoing for the past two years. The complainant fears for her life.

This is a criminal case of domestic violence and marital cruelty. Request arrest of accused and protection for complainant.",1
"DOMESTIC VIOLENCE CASE - INVESTIGATION REPORT

Victim: Sarah Thomas
Accused: Arjun Nath
Sections: 498A IPC, DV Act Sections 3, 12, 18

Investigation Findings:
Medical examination confirms multiple old and new injury marks on the victim consistent with physical abuse. Neighbors confirmed hearing sounds of beating from the house regularly.

The accused has been habitually cruel to the victim demanding dowry. Text messages threatening dire consequences recovered from accused's phone.

This is a criminal domestic violence case. Accused arrested. Protection order issued for victim. Criminal trial to proceed.",1
"MATRIMONIAL DISPUTE - DIVORCE PETITION

Petitioner: Deepa Nair
Respondent: Ashok Bansal

Type: Divorce Petition under Hindu Marriage Act

Facts:
The parties were married in 2019. Due to irreconcilable differences and temperamental incompatibility, the marriage has irretrievably broken down. The parties have been living separately for over two years.

There are disputes regarding:
1. Division of matrimonial property
2. Custody of minor child
3. Maintenance/alimony

This is a civil family matter. The petitioner seeks dissolution of marriage and fair settlement of matrimonial property. Mediation has been attempted but failed.",0
"PROMISSORY NOTE

Loan Amount: ₹25,000

FOR VALUE RECEIVED, the undersigned, Divya Menon (the ""Borrower""), promises to pay to the order of Amit Verma (the ""Lender"") the principal sum of ₹25,000.

TERMS OF REPAYMENT: The full amount is to be repaid within six months from the date of this note. No interest shall be accrued if paid by the due date.

Signature of Borrower: Divya Menon

Note: The borrower has not repaid the amount despite multiple reminders. This matter is being taken to civil court for recovery.",0
"TENANT DISPUTE SUMMARY

Kiran Desai has been occupying the property owned by Deepa Nair and has failed to pay rent for 7 consecutive months, totaling ₹210,000.

The tenant also refuses to vacate the premises despite the lease agreement having expired. This constitutes a civil dispute regarding rental arrears and unlawful occupation.

Recommended action: File civil suit for eviction and recovery. No criminal element as this is a contractual tenancy matter.",0
"WRONGFUL TERMINATION CASE

Employee: Pooja Malhotra
Employer: Digital Dreams Inc

The employee was terminated without following due process. No show-cause notice was issued. The termination letter cited ""performance issues"" but no performance improvement plan was ever discussed.

Outstanding Dues:
- Unpaid salary: ₹200,000
- Notice period pay: ₹100,000
- Earned leave encashment: ₹50,000

This is a civil matter for wrongful termination and recovery of dues. To be filed before the Labor Commissioner.",0
"CIVIL SUIT FOR BREACH OF CONTRACT

Plaintiff: David Wilson
Defendant: Anita Reddy
Amount in Dispute: ₹100,000

Statement of Claim:
The plaintiff entered into a contract with the defendant for catering services on agreed terms. The total contract value was ₹100,000, of which the plaintiff has already paid 60% as advance.

The defendant has failed to complete the work as per the agreed specifications and timeline. Despite multiple reminders, the defendant has neither completed the work nor refunded the advance amount.

The plaintiff seeks recovery of ₹60,000 paid as advance, along with damages for mental harassment and legal costs.

This is a civil matter arising from breach of commercial contract.",0
"FIR - NDPS ACT VIOLATION

Sections: 21, 22, 29 NDPS Act (Possession, Sale, Conspiracy)

Accused: Raj Sharma
Substance: heroin
Quantity: 10 kilograms

Case Details:
Acting on intelligence input, a raid was conducted at the residence of the accused Raj Sharma. During search, 10 kilograms of heroin was recovered along with packaging material and weighing scales.

The accused was caught red-handed in possession of commercial quantity of contraband. Mobile records reveal the accused was involved in drug distribution network.

This is a serious criminal offense under the NDPS Act. The accused has been arrested and produced before the Special Court.",1
"POSH COMMITTEE TO POLICE COMPLAINT

Complaint Transfer: Internal Committee to Police Station
Sections: 354A IPC (Sexual Harassment)

Accused Employee: Rahul Khanna
Victim: Pooja Malhotra

The Internal Complaints Committee (ICC) investigated allegations of sexual harassment at public transport. The Committee found prima facie case of severe sexual harassment warranting criminal action.

Evidence examined:
- Email and message evidence
- Testimony of complainant and witnesses
- CCTV footage

This criminal matter is being forwarded to police for FIR registration and prosecution under appropriate IPC sections.",1
"CIVIL SUIT FOR BREACH OF CONTRACT

Plaintiff: Rohit Bhatia
Defendant: Ritu Sharma
Amount in Dispute: ₹500,000

Statement of Claim:
The plaintiff entered into a contract with the defendant for catering services on agreed terms. The total contract value was ₹500,000, of which the plaintiff has already paid 60% as advance.

The defendant has failed to complete the work as per the agreed specifications and timeline. Despite multiple reminders, the defendant has neither completed the work nor refunded the advance amount.

The plaintiff seeks recovery of ₹300,000 paid as advance, along with damages for mental harassment and legal costs.

This is a civil matter arising from breach of commercial contract.",0
"CONSUMER COMPLAINT

Complainant: Michael Fernandes
Opposite Party: Prime Furniture House
Product: air conditioner
Amount: ₹150,000

Complaint:
The complainant purchased a air conditioner from the opposite party for ₹150,000. Within weeks of purchase, the product developed a major defect. Despite multiple complaints, neither repair nor replacement was provided.

The opposite party's service center has been unresponsive. The warranty claim was rejected citing frivolous reasons.

This is a consumer dispute under the Consumer Protection Act. The complainant seeks replacement of the defective product, compensation for mental agony, and litigation costs.

Prayer: Replacement/refund of ₹150,000 plus ₹50,000 as compensation.",0
"LAWYER NOTES - EVICTION MATTER

Client: Ritu Sharma (Landlord)
Opponent: Priya Singh (Tenant)

Facts:
- Tenancy since 2023, rent ₹15,000/month
- Non-payment of rent for 4 months = ₹60,000
- Tenant not vacating despite notice

Documents:
- Rent agreement (registered)
- Rent receipts showing default
- Legal notice sent (with acknowledgment)

Strategy: File eviction suit in Rent Controller court. This is purely civil in nature. Seek eviction + rent arrears + damages. Estimated timeline: 6-12 months.",0
"LAWYER NOTES - CONFIDENTIAL

Client: Kiran Desai (Plaintiff)
Matter: Recovery of ₹500,000 from Swati Pillai

Case Strategy:
Primary evidence is the signed promissory note. Very strong documentation.
The witness is reliable and willing to testify about the loan agreement.
Email chain shows Swati Pillai acknowledging the debt and failure to pay.
Our primary argument is a straightforward breach of contract.

Client Position: Firm on recovering the full amount. Not interested in settlement for a lesser sum at this stage. Feels betrayed as it was a personal loan to a friend.",0
"CRIMINAL CASE - HOUSE BREAKING AND THEFT

Victim: Deepa Nair
Accused: David Wilson

The accused David Wilson criminally trespassed into the locked house of the victim at night and committed theft of valuable items including laptop and mobile phones worth ₹1,50,000.

This constitutes criminal offenses under IPC Sections 454 (House trespass), 457 (Lurking house-trespass by night), and 380 (Theft in dwelling house).

The accused has previous criminal history. Request stringent action. This is a serious criminal matter, not a civil dispute.",1
"CHARGE SHEET - CRIMINAL CASE

Accused: John D'Souza
Victim: Vijay Saxena
Sections: 325, 506 IPC (Grievous Hurt, Criminal Intimidation)

Investigation Summary:
Based on the FIR and investigation, it is established that the accused John D'Souza brutally assaulted the victim Vijay Saxena with an iron rod, causing multiple fractures.

Evidence Collected:
1. Medical report confirming grievous injuries
2. Weapon recovered (iron rod with blood stains)
3. Eyewitness statements from two persons
4. CCTV footage from nearby shop

Conclusion: Prima facie criminal case established. Recommend prosecution of accused for grievous hurt under IPC.",1
"FIR - CRIMINAL INTIMIDATION AND EXTORTION

Sections: 384, 506, 507 IPC (Extortion, Criminal Intimidation, Anonymous Threats)

Complainant: Sunita Rao
Accused: Kiran Desai

Complaint:
The accused Kiran Desai has been threatening me and my family, demanding ₹2,000,000. The accused has sent threatening messages saying he will kill my children if I don't pay.

The accused is known to have criminal connections. I am under constant fear. The accused has also threatened to destroy my business if I approach the police.

Threat messages and call recordings are available as evidence. This is a criminal case of extortion and criminal intimidation. Request urgent action and protection for my family.",1
"TENANT DISPUTE SUMMARY

Ashok Bansal has been occupying the property owned by David Wilson and has failed to pay rent for 6 consecutive months, totaling ₹210,000.

The tenant also refuses to vacate the premises despite the lease agreement having expired. This constitutes a civil dispute regarding rental arrears and unlawful occupation.

Recommended action: File civil suit for eviction and recovery. No criminal element as this is a contractual tenancy matter.",0
"CHARGE SHEET - DRUG TRAFFICKING

Accused: Ritu Sharma
Sections: 21(c), 29 NDPS Act (Commercial quantity, Conspiracy)

Investigation established that the accused Ritu Sharma was running a drug trafficking operation. 10 kilograms of cannabis/ganja was seized from the accused.

Evidence:
- Contraband recovered and sealed
- Chemical analysis report confirming substance
- Financial trail showing drug money
- Statements of buyers identifying accused

This is a criminal case involving commercial quantity narcotic substances. Recommend prosecution in Special NDPS Court.",1
"LAWYER NOTES - PROPERTY MATTER

Client: Swati Pillai

Issue: Boundary dispute with neighbor Meera Iyer. Client's property survey shows encroachment of approximately 100 sq. ft. by the defendant's new construction.

Evidence Available:
1. Original sale deed showing clear boundaries
2. Recent survey report by licensed surveyor
3. Photographs showing encroachment
4. Witness statements from other neighbors

Strategy: File civil suit for mandatory injunction. This is purely a civil matter - no criminal trespass as there's a genuine boundary dispute. Seek removal of encroachment plus compensation.",0
"INVESTIGATION REPORT - DOCUMENT FORGERY

Accused: Deepa Nair
Victim: Ritu Sharma
Sections: 467, 468, 471, 420 IPC

Investigation Findings:
The accused Deepa Nair created forged bank documents/cheques to illegally transfer assets belonging to Ritu Sharma. Forensic examination of documents confirms:

1. Signature is forged - expert opinion obtained
2. Documents printed on backdated stamp paper
3. Witnesses listed are fictitious

The accused has committed criminal forgery for financial gain. Evidence is conclusive. Recommend arrest and prosecution in criminal court.",1
"PROMISSORY NOTE

Loan Amount: ₹150,000

FOR VALUE RECEIVED, the undersigned, Meera Iyer (the ""Borrower""), promises to pay to the order of Manoj Tiwari (the ""Lender"") the principal sum of ₹150,000.

TERMS OF REPAYMENT: The full amount is to be repaid within six months from the date of this note. No interest shall be accrued if paid by the due date.

Signature of Borrower: Meera Iyer

Note: The borrower has not repaid the amount despite multiple reminders. This matter is being taken to civil court for recovery.",0
"PROPERTY OWNERSHIP DISPUTE

Parties involved: Anil Kapoor vs Emily Brown

The dispute concerns ancestral property that was divided among family members. Anil Kapoor claims that Emily Brown has occupied a portion of land that was allocated to the plaintiff in the family settlement deed.

Documents examined:
- Family settlement deed from 2010
- Property registration documents
- Revenue records

Opinion: This is a civil dispute regarding interpretation of family settlement. Recommend filing civil suit for partition and specific performance. No criminal elements involved.",0
"TENANT DISPUTE SUMMARY

John D'Souza has been occupying the property owned by Amit Verma and has failed to pay rent for 6 consecutive months, totaling ₹90,000.

The tenant also refuses to vacate the premises despite the lease agreement having expired. This constitutes a civil dispute regarding rental arrears and unlawful occupation.

Recommended action: File civil suit for eviction and recovery. No criminal element as this is a contractual tenancy matter.",0
"FIR - SEXUAL HARASSMENT

Sections: 354, 354A, 509 IPC (Assault/Criminal force with intent to outrage modesty, Sexual Harassment)

Complainant: Emily Brown
Accused: David Wilson
Location: workplace

Complaint:
The accused David Wilson has been sexually harassing me at workplace. The harassment includes inappropriate touching, obscene remarks, and unwanted advances.

Despite clear rejection, the accused continued the harassment. The accused also threatened consequences if I reported the matter.

Statement of a witness has been recorded. This is a criminal case of sexual harassment under IPC. Request arrest of accused and appropriate protection measures.",1
"FIR - CRIMINAL INTIMIDATION AND EXTORTION

Sections: 384, 506, 507 IPC (Extortion, Criminal Intimidation, Anonymous Threats)

Complainant: Anil Kapoor
Accused: Meera Iyer

Complaint:
The accused Meera Iyer has been threatening me and my family, demanding ₹1,000,000. The accused has sent threatening messages saying he will kill my children if I don't pay.

The accused is known to have criminal connections. I am under constant fear. The accused has also threatened to destroy my business if I approach the police.

Threat messages and call recordings are available as evidence. This is a criminal case of extortion and criminal intimidation. Request urgent action and protection for my family.",1
"CIVIL SUIT FOR BREACH OF CONTRACT

Plaintiff: Raj Sharma
Defendant: Divya Menon
Amount in Dispute: ₹750,000

Statement of Claim:
The plaintiff entered into a contract with the defendant for software development on agreed terms. The total contract value was ₹750,000, of which the plaintiff has already paid 60% as advance.

The defendant has failed to complete the work as per the agreed specifications and timeline. Despite multiple reminders, the defendant has neither completed the work nor refunded the advance amount.

The plaintiff seeks recovery of ₹450,000 paid as advance, along with damages for mental harassment and legal costs.

This is a civil matter arising from breach of commercial contract.",0
"MATRIMONIAL DISPUTE - DIVORCE PETITION

Petitioner: Anita Reddy
Respondent: Vikram Patel

Type: Divorce Petition under Hindu Marriage Act

Facts:
The parties were married in 2019. Due to irreconcilable differences and temperamental incompatibility, the marriage has irretrievably broken down. The parties have been living separately for over two years.

There are disputes regarding:
1. Division of matrimonial property
2. Custody of minor child
3. Maintenance/alimony

This is a civil family matter. The petitioner seeks dissolution of marriage and fair settlement of matrimonial property. Mediation has been attempted but failed.",0
"LAWYER NOTES - EVICTION MATTER

Client: Raj Sharma (Landlord)
Opponent: David Wilson (Tenant)

Facts:
- Tenancy since 2023, rent ₹35,000/month
- Non-payment of rent for 3 months = ₹105,000
- Tenant not vacating despite notice

Documents:
- Rent agreement (registered)
- Rent receipts showing default
- Legal notice sent (with acknowledgment)

Strategy: File eviction suit in Rent Controller court. This is purely civil in nature. Seek eviction + rent arrears + damages. Estimated timeline: 6-12 months.",0
"FIR - THEFT/ROBBERY

Police Station: City Police Station
FIR Number: 289/2025
Sections: 379, 380 IPC (Theft, Theft in dwelling house)

Complainant: Michael Fernandes
Accused: Anil Kapoor (identified)

Incident:
On the night of the incident, unknown persons broke into my residence while I was away. Upon returning, I found the lock broken and the house ransacked.

Items Stolen:
gold jewelry worth ₹5,00,000

During investigation, the accused Anil Kapoor was identified based on CCTV footage. This is a criminal case of theft/burglary. Request immediate action and recovery of stolen property.",1
"PROPERTY OWNERSHIP DISPUTE

Parties involved: Pooja Malhotra vs Michael Fernandes

The dispute concerns ancestral property that was divided among family members. Pooja Malhotra claims that Michael Fernandes has occupied a portion of land that was allocated to the plaintiff in the family settlement deed.

Documents examined:
- Family settlement deed from 2010
- Property registration documents
- Revenue records

Opinion: This is a civil dispute regarding interpretation of family settlement. Recommend filing civil suit for partition and specific performance. No criminal elements involved.",0
"FIR - FIRST INFORMATION REPORT

Police Station: Central Police Station
FIR Number: 135/2025
Sections: 323, 324, 506 IPC (Assault, Causing Hurt, Criminal Intimidation)

Complainant: Rohit Bhatia
Accused: Suresh Kumar

Statement:
On the evening of Tuesday, at approximately 8 PM, the accused Suresh Kumar attacked me near 202 Garden Path, Lajpat Nagar. 

The accused attacked me with a wooden stick causing injuries to my head and arms. He also threatened to kill me if I report to the police. I sustained bleeding injuries and was taken to the hospital.

This is a criminal case of assault and criminal intimidation. The accused should be arrested and prosecuted.",1
"DEFICIENCY IN SERVICE - CONSUMER MATTER

Consumer: Pooja Malhotra
Service Provider: Prime Furniture House
Amount Paid: ₹150,000

The consumer availed services from the opposite party but the services rendered were grossly deficient. The opposite party failed to meet the promised standards and specifications.

Multiple complaints were made but no satisfactory resolution was provided. This constitutes deficiency in service under consumer law.

This is a civil consumer dispute. Seeking refund and compensation through Consumer Forum.",0
"INVESTIGATION REPORT - DOCUMENT FORGERY

Accused: Divya Menon
Victim: Kiran Desai
Sections: 467, 468, 471, 420 IPC

Investigation Findings:
The accused Divya Menon created forged property registration documents to illegally transfer assets belonging to Kiran Desai. Forensic examination of documents confirms:

1. Signature is forged - expert opinion obtained
2. Documents printed on backdated stamp paper
3. Witnesses listed are fictitious

The accused has committed criminal forgery for financial gain. Evidence is conclusive. Recommend arrest and prosecution in criminal court.",1
"FIR - SEXUAL HARASSMENT

Sections: 354, 354A, 509 IPC (Assault/Criminal force with intent to outrage modesty, Sexual Harassment)

Complainant: Priya Singh
Accused: Arjun Nath
Location: office premises

Complaint:
The accused Arjun Nath has been sexually harassing me at office premises. The harassment includes inappropriate touching, obscene remarks, and unwanted advances.

Despite clear rejection, the accused continued the harassment. The accused also threatened consequences if I reported the matter.

Statement of a witness has been recorded. This is a criminal case of sexual harassment under IPC. Request arrest of accused and appropriate protection measures.",1
"FIR - KIDNAPPING FOR RANSOM

Sections: 364A, 365 IPC (Kidnapping for ransom, Abduction)

Complainant: Family of Anil Kapoor
Accused: Neha Agarwal and unknown others
Victim: Anil Kapoor

Complaint:
Anil Kapoor was abducted by armed men while returning home from office. The family received a ransom call demanding ₹5,000,000 for the victim's release.

The callers threatened to kill Anil Kapoor if police is informed. The voice in the ransom call was identified as that of Neha Agarwal, who had previous enmity with the victim's family.

This is a serious criminal case of kidnapping for ransom. Request immediate action to rescue the victim and arrest the perpetrators.",1
"LAWYER NOTES - EVICTION MATTER

Client: Pooja Malhotra (Landlord)
Opponent: David Wilson (Tenant)

Facts:
- Tenancy since 2023, rent ₹15,000/month
- Non-payment of rent for 5 months = ₹75,000
- Tenant not vacating despite notice

Documents:
- Rent agreement (registered)
- Rent receipts showing default
- Legal notice sent (with acknowledgment)

Strategy: File eviction suit in Rent Controller court. This is purely civil in nature. Seek eviction + rent arrears + damages. Estimated timeline: 6-12 months.",0
"FAMILY COURT MATTER - MAINTENANCE

Applicant: Deepa Nair
Respondent: Vijay Saxena

Application for interim maintenance under Section 125 CrPC.

The applicant and respondent are legally married. The respondent has deserted the applicant and is not providing any financial support. The applicant has no independent source of income.

Prayer: Monthly maintenance of ₹50,000 pending divorce proceedings.

Note: This is a civil matrimonial dispute regarding maintenance and not a criminal matter.",0
"CRIMINAL INVESTIGATION - FINANCIAL FRAUD

Accused: Raj Sharma
Victims: Ashok Bansal and others
Total Amount: ₹1,000,000+

Investigation established that the accused ran a fake job placement agency collecting registration fees, collecting money from multiple victims with false promises. 

The accused used fake identity documents and opened bank accounts for laundering the defrauded money. This is a case of organized financial crime.

Sections: 420 (Cheating), 406 (Criminal breach of trust), 34 (Common intention) IPC

The accused is a habitual offender. Criminal prosecution recommended.",1
"EMAIL CORRESPONDENCE - EVIDENCE

From: Suresh Kumar
To: Kiran Desai
Subject: Reminder: Loan Repayment Overdue

Hi Kiran,
Hope you're well. I'm following up on the ₹50,000 loan. The due date has passed. Please let me know when I can expect the payment.

---
Reply from Kiran Desai:
I know, I'm sorry. Things have been difficult financially. Can you give me more time?

---
This constitutes civil matter for recovery of debt. No criminal elements present.",0
"DOMESTIC VIOLENCE CASE - INVESTIGATION REPORT

Victim: Deepa Nair
Accused: Rekha Joshi
Sections: 498A IPC, DV Act Sections 3, 12, 18

Investigation Findings:
Medical examination confirms multiple old and new injury marks on the victim consistent with physical abuse. Neighbors confirmed hearing sounds of beating from the house regularly.

The accused has been habitually cruel to the victim demanding dowry. Text messages threatening dire consequences recovered from accused's phone.

This is a criminal domestic violence case. Accused arrested. Protection order issued for victim. Criminal trial to proceed.",1
"CONSUMER COMPLAINT

Complainant: Rahul Khanna
Opposite Party: Best Electronics Store
Product: washing machine
Amount: ₹45,000

Complaint:
The complainant purchased a washing machine from the opposite party for ₹45,000. Within weeks of purchase, the product developed a major defect. Despite multiple complaints, neither repair nor replacement was provided.

The opposite party's service center has been unresponsive. The warranty claim was rejected citing frivolous reasons.

This is a consumer dispute under the Consumer Protection Act. The complainant seeks replacement of the defective product, compensation for mental agony, and litigation costs.

Prayer: Replacement/refund of ₹45,000 plus ₹50,000 as compensation.",0
"INVESTIGATION REPORT - ABDUCTION CASE

Case: Kidnapping of Arjun Nath
Prime Accused: Rekha Joshi
Sections: 364, 368 IPC (Kidnapping, Wrongfully concealing abducted person)

Investigation Summary:
The victim Arjun Nath was kidnapped from outside their residence. The accused Rekha Joshi was part of the kidnapping gang that held the victim captive for 5 days.

Ransom of ₹1,000,000 was demanded. Through technical surveillance, the hideout was located and the victim was rescued. The accused was arrested from the spot.

This is a criminal case of kidnapping and wrongful confinement. Charge sheet prepared for trial.",1
"CYBER CRIME COMPLAINT - ONLINE FRAUD

Sections: 420 IPC, Section 66D IT Act

Victim: Sarah Thomas
Accused/Suspect: Rahul Khanna
Amount Defrauded: ₹500,000

Details of Cyber Fraud:
The accused operated a fake job placement agency collecting registration fees. The victim was contacted through social media and convinced to transfer money with promises of high returns.

Multiple transactions were made to the accused's bank account. After collecting ₹500,000, the accused blocked all communication and disappeared.

Evidence: Bank statements, WhatsApp chats, Email correspondence

This is a criminal case of cyber fraud under IPC and IT Act. Request urgent action.",1
"FIR - KIDNAPPING FOR RANSOM

Sections: 364A, 365 IPC (Kidnapping for ransom, Abduction)

Complainant: Family of David Wilson
Accused: Deepa Nair and unknown others
Victim: David Wilson

Complaint:
David Wilson was abducted by armed men while returning home from office. The family received a ransom call demanding ₹10,000,000 for the victim's release.

The callers threatened to kill David Wilson if police is informed. The voice in the ransom call was identified as that of Deepa Nair, who had previous enmity with the victim's family.

This is a serious criminal case of kidnapping for ransom. Request immediate action to rescue the victim and arrest the perpetrators.",1
"LAWYER NOTES - PROPERTY MATTER

Client: David Wilson

Issue: Boundary dispute with neighbor Suresh Kumar. Client's property survey shows encroachment of approximately 100 sq. ft. by the defendant's new construction.

Evidence Available:
1. Original sale deed showing clear boundaries
2. Recent survey report by licensed surveyor
3. Photographs showing encroachment
4. Witness statements from other neighbors

Strategy: File civil suit for mandatory injunction. This is purely a civil matter - no criminal trespass as there's a genuine boundary dispute. Seek removal of encroachment plus compensation.",0
"CIVIL SUIT - EVICTION AND RENT RECOVERY

Plaintiff/Landlord: Ashok Bansal
Defendant/Tenant: Ritu Sharma
Monthly Rent: ₹50,000
Outstanding Rent: ₹150,000 (3 months)

Statement of Facts:
The plaintiff is the owner of the residential premises. The defendant has been a tenant since 2023 at a monthly rent of ₹50,000. 

The defendant has defaulted on rent payments for the last 3 months. Multiple verbal and written reminders have been ignored. The defendant has also caused damage to the property.

Relief Sought:
1. Eviction of the defendant from the premises
2. Recovery of outstanding rent of ₹150,000
3. Compensation for property damage
4. Future rent until actual eviction

This is a civil landlord-tenant dispute under the Rent Control Act.",0
"MATRIMONIAL DISPUTE - DIVORCE PETITION

Petitioner: Rekha Joshi
Respondent: Sanjay Mehta

Type: Divorce Petition under Hindu Marriage Act

Facts:
The parties were married in 2019. Due to irreconcilable differences and temperamental incompatibility, the marriage has irretrievably broken down. The parties have been living separately for over two years.

There are disputes regarding:
1. Division of matrimonial property
2. Custody of minor child
3. Maintenance/alimony

This is a civil family matter. The petitioner seeks dissolution of marriage and fair settlement of matrimonial property. Mediation has been attempted but failed.",0
"CHARGE SHEET - ATTEMPT TO MURDER

Sections: 307, 324 IPC (Attempt to Murder, Voluntarily causing hurt by dangerous weapon)

Accused: Ritu Sharma
Victim: Vijay Saxena

Facts:
The accused Ritu Sharma made a deliberate attempt on the life of Vijay Saxena by attacking with a knife. The victim sustained life-threatening injuries and was hospitalized for weeks.

Evidence:
- Medical report confirming injuries could have been fatal
- Murder weapon recovered
- Eyewitness testimony
- Motive established (property dispute)

This constitutes attempted murder under Section 307 IPC. The accused acted with clear intention to kill. Trial in Sessions Court recommended.",1
"CRIMINAL EXTORTION CASE

Accused: Ashok Bansal
Victim: Arjun Nath
Sections: 384, 385 IPC (Extortion, Attempt to Extort)

The accused Ashok Bansal has been running an extortion racket. Multiple victims including Arjun Nath have been threatened and forced to pay money.

Evidence:
- Recorded threatening phone calls
- WhatsApp messages with death threats
- Bank transfers under duress
- Multiple victim statements

This is organized criminal extortion. The accused has prior criminal records. Recommend arrest and prosecution.",1
"FIR - MURDER CASE

Police Station: Crime Branch
FIR Number: 523/2025
Sections: 302, 201 IPC (Murder, Causing disappearance of evidence)

Deceased: Rahul Khanna
Accused: Meera Iyer

Case Summary:
The body of Rahul Khanna was found at the outskirts of the city. Post-mortem report confirms death due to stab wounds and strangulation. The victim was last seen with the accused Meera Iyer.

Investigation reveals the accused had ongoing disputes with the deceased over financial matters. Mobile records and witnesses place the accused at the crime scene.

This is a case of premeditated murder. The accused Meera Iyer has been arrested. Charge sheet being prepared for trial in Sessions Court.",1
"FIR - DOMESTIC VIOLENCE

Sections: 498A, 323, 506 IPC (Cruelty, Assault, Criminal Intimidation)
Protection of Women from Domestic Violence Act

Complainant: Sunita Rao
Accused: Divya Menon (Husband)

Complaint:
The complainant Sunita Rao has been subjected to continuous physical and mental torture by husband Divya Menon. The accused regularly beats the complainant, often under the influence of alcohol.

Injuries: Multiple bruises, burn marks on arms, psychological trauma

The accused demands additional dowry and threatens to kill if family doesn't pay. This has been ongoing for the past two years. The complainant fears for her life.

This is a criminal case of domestic violence and marital cruelty. Request arrest of accused and protection for complainant.",1
"WRONGFUL TERMINATION CASE

Employee: Priya Singh
Employer: XYZ Solutions Inc

The employee was terminated without following due process. No show-cause notice was issued. The termination letter cited ""performance issues"" but no performance improvement plan was ever discussed.

Outstanding Dues:
- Unpaid salary: ₹625,000
- Notice period pay: ₹125,000
- Earned leave encashment: ₹62,500

This is a civil matter for wrongful termination and recovery of dues. To be filed before the Labor Commissioner.",0
"FIR - NDPS ACT VIOLATION

Sections: 21, 22, 29 NDPS Act (Possession, Sale, Conspiracy)

Accused: Kavita Gupta
Substance: heroin
Quantity: 5 kilograms

Case Details:
Acting on intelligence input, a raid was conducted at the residence of the accused Kavita Gupta. During search, 5 kilograms of heroin was recovered along with packaging material and weighing scales.

The accused was caught red-handed in possession of commercial quantity of contraband. Mobile records reveal the accused was involved in drug distribution network.

This is a serious criminal offense under the NDPS Act. The accused has been arrested and produced before the Special Court.",1
"CHARGE SHEET - DRUG TRAFFICKING

Accused: Divya Menon
Sections: 21(c), 29 NDPS Act (Commercial quantity, Conspiracy)

Investigation established that the accused Divya Menon was running a drug trafficking operation. 500 grams of methamphetamine was seized from the accused.

Evidence:
- Contraband recovered and sealed
- Chemical analysis report confirming substance
- Financial trail showing drug money
- Statements of buyers identifying accused

This is a criminal case involving commercial quantity narcotic substances. Recommend prosecution in Special NDPS Court.",1
"TENANT DISPUTE SUMMARY

Meera Iyer has been occupying the property owned by Manoj Tiwari and has failed to pay rent for 8 consecutive months, totaling ₹400,000.

The tenant also refuses to vacate the premises despite the lease agreement having expired. This constitutes a civil dispute regarding rental arrears and unlawful occupation.

Recommended action: File civil suit for eviction and recovery. No criminal element as this is a contractual tenancy matter.",0
"CASE INFORMATION - CIVIL SUIT

Court: Karkardooma District Court, Delhi
Case Number: CIV-2025-8138
Case Type: Civil Case (Recovery of Money)
Filing Date: May 13, 2025

Parties:
Plaintiff: Mr./Ms. Pooja Malhotra
Defendant: Mr./Ms. Rohit Bhatia

Case Summary: The plaintiff, Pooja Malhotra, has filed a suit for the recovery of ₹25,000 from the defendant, Rohit Bhatia. The plaintiff alleges that the loan was extended via a written promissory note with a repayment deadline that has passed. The defendant has failed to repay the amount by the stipulated date.

Current Status: Pending - Summons issued to the defendant.",0
"LAWYER NOTES - PROPERTY MATTER

Client: Swati Pillai

Issue: Boundary dispute with neighbor Neha Agarwal. Client's property survey shows encroachment of approximately 100 sq. ft. by the defendant's new construction.

Evidence Available:
1. Original sale deed showing clear boundaries
2. Recent survey report by licensed surveyor
3. Photographs showing encroachment
4. Witness statements from other neighbors

Strategy: File civil suit for mandatory injunction. This is purely a civil matter - no criminal trespass as there's a genuine boundary dispute. Seek removal of encroachment plus compensation.",0
"CONSUMER COMPLAINT

Complainant: Ritu Sharma
Opposite Party: Best Electronics Store
Product: television
Amount: ₹75,000

Complaint:
The complainant purchased a television from the opposite party for ₹75,000. Within weeks of purchase, the product developed a major defect. Despite multiple complaints, neither repair nor replacement was provided.

The opposite party's service center has been unresponsive. The warranty claim was rejected citing frivolous reasons.

This is a consumer dispute under the Consumer Protection Act. The complainant seeks replacement of the defective product, compensation for mental agony, and litigation costs.

Prayer: Replacement/refund of ₹75,000 plus ₹50,000 as compensation.",0
"MATRIMONIAL DISPUTE - DIVORCE PETITION

Petitioner: Sarah Thomas
Respondent: Michael Fernandes

Type: Divorce Petition under Hindu Marriage Act

Facts:
The parties were married in 2019. Due to irreconcilable differences and temperamental incompatibility, the marriage has irretrievably broken down. The parties have been living separately for over two years.

There are disputes regarding:
1. Division of matrimonial property
2. Custody of minor child
3. Maintenance/alimony

This is a civil family matter. The petitioner seeks dissolution of marriage and fair settlement of matrimonial property. Mediation has been attempted but failed.",0
"MATRIMONIAL DISPUTE - DIVORCE PETITION

Petitioner: Neha Agarwal
Respondent: Sanjay Mehta

Type: Divorce Petition under Hindu Marriage Act

Facts:
The parties were married in 2019. Due to irreconcilable differences and temperamental incompatibility, the marriage has irretrievably broken down. The parties have been living separately for over two years.

There are disputes regarding:
1. Division of matrimonial property
2. Custody of minor child
3. Maintenance/alimony

This is a civil family matter. The petitioner seeks dissolution of marriage and fair settlement of matrimonial property. Mediation has been attempted but failed.",0
"CIVIL SUIT - EVICTION AND RENT RECOVERY

Plaintiff/Landlord: Rohit Bhatia
Defendant/Tenant: Ashok Bansal
Monthly Rent: ₹20,000
Outstanding Rent: ₹100,000 (5 months)

Statement of Facts:
The plaintiff is the owner of the residential premises. The defendant has been a tenant since 2023 at a monthly rent of ₹20,000. 

The defendant has defaulted on rent payments for the last 5 months. Multiple verbal and written reminders have been ignored. The defendant has also caused damage to the property.

Relief Sought:
1. Eviction of the defendant from the premises
2. Recovery of outstanding rent of ₹100,000
3. Compensation for property damage
4. Future rent until actual eviction

This is a civil landlord-tenant dispute under the Rent Control Act.",0
"DEFICIENCY IN SERVICE - CONSUMER MATTER

Consumer: Arjun Nath
Service Provider: Metro Auto Dealers
Amount Paid: ₹25,000

The consumer availed services from the opposite party but the services rendered were grossly deficient. The opposite party failed to meet the promised standards and specifications.

Multiple complaints were made but no satisfactory resolution was provided. This constitutes deficiency in service under consumer law.

This is a civil consumer dispute. Seeking refund and compensation through Consumer Forum.",0
"FIR - KIDNAPPING FOR RANSOM

Sections: 364A, 365 IPC (Kidnapping for ransom, Abduction)

Complainant: Family of Raj Sharma
Accused: Swati Pillai and unknown others
Victim: Raj Sharma

Complaint:
Raj Sharma was abducted by armed men while returning home from office. The family received a ransom call demanding ₹2,500,000 for the victim's release.

The callers threatened to kill Raj Sharma if police is informed. The voice in the ransom call was identified as that of Swati Pillai, who had previous enmity with the victim's family.

This is a serious criminal case of kidnapping for ransom. Request immediate action to rescue the victim and arrest the perpetrators.",1
"CRIMINAL CASE - HOUSE BREAKING AND THEFT

Victim: Sunita Rao
Accused: Manoj Tiwari

The accused Manoj Tiwari criminally trespassed into the locked house of the victim at night and committed theft of valuable items including cash amounting to ₹2,00,000.

This constitutes criminal offenses under IPC Sections 454 (House trespass), 457 (Lurking house-trespass by night), and 380 (Theft in dwelling house).

The accused has previous criminal history. Request stringent action. This is a serious criminal matter, not a civil dispute.",1
"CHARGE SHEET - ATTEMPT TO MURDER

Sections: 307, 324 IPC (Attempt to Murder, Voluntarily causing hurt by dangerous weapon)

Accused: Michael Fernandes
Victim: Emily Brown

Facts:
The accused Michael Fernandes made a deliberate attempt on the life of Emily Brown by attacking with a knife. The victim sustained life-threatening injuries and was hospitalized for weeks.

Evidence:
- Medical report confirming injuries could have been fatal
- Murder weapon recovered
- Eyewitness testimony
- Motive established (property dispute)

This constitutes attempted murder under Section 307 IPC. The accused acted with clear intention to kill. Trial in Sessions Court recommended.",1
"POSH COMMITTEE TO POLICE COMPLAINT

Complaint Transfer: Internal Committee to Police Station
Sections: 354A IPC (Sexual Harassment)

Accused Employee: Kiran Desai
Victim: Meera Iyer

The Internal Complaints Committee (ICC) investigated allegations of sexual harassment at office premises. The Committee found prima facie case of severe sexual harassment warranting criminal action.

Evidence examined:
- Email and message evidence
- Testimony of complainant and witnesses
- CCTV footage

This criminal matter is being forwarded to police for FIR registration and prosecution under appropriate IPC sections.",1
"CRIMINAL INVESTIGATION - FINANCIAL FRAUD

Accused: Pooja Malhotra
Victims: Emily Brown and others
Total Amount: ₹1,000,000+

Investigation established that the accused ran a fake job placement agency collecting registration fees, collecting money from multiple victims with false promises. 

The accused used fake identity documents and opened bank accounts for laundering the defrauded money. This is a case of organized financial crime.

Sections: 420 (Cheating), 406 (Criminal breach of trust), 34 (Common intention) IPC

The accused is a habitual offender. Criminal prosecution recommended.",1
"INVESTIGATION REPORT - ROBBERY CASE

Case: Robbery at residence of Emily Brown
Accused: Kiran Desai
Sections: 392, 397 IPC (Robbery, Dacoity with attempt to cause death)

Investigation Findings:
The accused Kiran Desai along with two others broke into the victim's house while the family was asleep. They threatened the family members with weapons and robbed vehicle (car) worth ₹8,00,000.

Evidence:
- Victim's statement recorded
- Stolen items recovered from accused's possession
- Weapons recovered
- Confession statement of accused

This is a criminal case of robbery. The accused has been arrested. Charge sheet being filed for trial.",1
"CRIMINAL CASE - HOUSE BREAKING AND THEFT

Victim: Suresh Kumar
Accused: Michael Fernandes

The accused Michael Fernandes criminally trespassed into the locked house of the victim at night and committed theft of valuable items including gold jewelry worth ₹5,00,000.

This constitutes criminal offenses under IPC Sections 454 (House trespass), 457 (Lurking house-trespass by night), and 380 (Theft in dwelling house).

The accused has previous criminal history. Request stringent action. This is a serious criminal matter, not a civil dispute.",1
"INVESTIGATION REPORT - ABDUCTION CASE

Case: Kidnapping of Neha Agarwal
Prime Accused: Deepa Nair
Sections: 364, 368 IPC (Kidnapping, Wrongfully concealing abducted person)

Investigation Summary:
The victim Neha Agarwal was kidnapped from outside their residence. The accused Deepa Nair was part of the kidnapping gang that held the victim captive for 5 days.

Ransom of ₹2,500,000 was demanded. Through technical surveillance, the hideout was located and the victim was rescued. The accused was arrested from the spot.

This is a criminal case of kidnapping and wrongful confinement. Charge sheet prepared for trial.",1
"FIR - CRIMINAL INTIMIDATION AND EXTORTION

Sections: 384, 506, 507 IPC (Extortion, Criminal Intimidation, Anonymous Threats)

Complainant: Suresh Kumar
Accused: Deepa Nair

Complaint:
The accused Deepa Nair has been threatening me and my family, demanding ₹500,000. The accused has sent threatening messages saying he will kill my children if I don't pay.

The accused is known to have criminal connections. I am under constant fear. The accused has also threatened to destroy my business if I approach the police.

Threat messages and call recordings are available as evidence. This is a criminal case of extortion and criminal intimidation. Request urgent action and protection for my family.",1
"FAMILY COURT MATTER - MAINTENANCE

Applicant: Sunita Rao
Respondent: John D'Souza

Application for interim maintenance under Section 125 CrPC.

The applicant and respondent are legally married. The respondent has deserted the applicant and is not providing any financial support. The applicant has no independent source of income.

Prayer: Monthly maintenance of ₹50,000 pending divorce proceedings.

Note: This is a civil matrimonial dispute regarding maintenance and not a criminal matter.",0
"WRONGFUL TERMINATION CASE

Employee: Vikram Patel
Employer: ABC Technologies Pvt Ltd

The employee was terminated without following due process. No show-cause notice was issued. The termination letter cited ""performance issues"" but no performance improvement plan was ever discussed.

Outstanding Dues:
- Unpaid salary: ₹375,000
- Notice period pay: ₹75,000
- Earned leave encashment: ₹37,500

This is a civil matter for wrongful termination and recovery of dues. To be filed before the Labor Commissioner.",0
"INVESTIGATION REPORT - ROBBERY CASE

Case: Robbery at residence of David Wilson
Accused: Neha Agarwal
Sections: 392, 397 IPC (Robbery, Dacoity with attempt to cause death)

Investigation Findings:
The accused Neha Agarwal along with two others broke into the victim's house while the family was asleep. They threatened the family members with weapons and robbed cash amounting to ₹2,00,000.

Evidence:
- Victim's statement recorded
- Stolen items recovered from accused's possession
- Weapons recovered
- Confession statement of accused

This is a criminal case of robbery. The accused has been arrested. Charge sheet being filed for trial.",1
"LABOR DISPUTE - UNPAID WAGES

Petitioner: Sunita Rao
Respondent: Digital Dreams Inc

Claim Details:
The petitioner was employed with the respondent company as a senior professional. The monthly salary was ₹150,000. 

The respondent has failed to pay salary for the last 4 months amounting to ₹600,000. Additionally, the respondent has not deposited the PF contributions.

The petitioner was asked to resign without any dues being cleared. This constitutes a civil labor dispute for recovery of unpaid wages and statutory dues.

Relief Sought: Recovery of ₹600,000 as unpaid salary plus PF dues and interest.",0
"INVESTIGATION REPORT - ROBBERY CASE

Case: Robbery at residence of Sarah Thomas
Accused: Kiran Desai
Sections: 392, 397 IPC (Robbery, Dacoity with attempt to cause death)

Investigation Findings:
The accused Kiran Desai along with two others broke into the victim's house while the family was asleep. They threatened the family members with weapons and robbed laptop and mobile phones worth ₹1,50,000.

Evidence:
- Victim's statement recorded
- Stolen items recovered from accused's possession
- Weapons recovered
- Confession statement of accused

This is a criminal case of robbery. The accused has been arrested. Charge sheet being filed for trial.",1
"WRONGFUL TERMINATION CASE

Employee: Ritu Sharma
Employer: ABC Technologies Pvt Ltd

The employee was terminated without following due process. No show-cause notice was issued. The termination letter cited ""performance issues"" but no performance improvement plan was ever discussed.

Outstanding Dues:
- Unpaid salary: ₹300,000
- Notice period pay: ₹150,000
- Earned leave encashment: ₹75,000

This is a civil matter for wrongful termination and recovery of dues. To be filed before the Labor Commissioner.",0
"FIR - SEXUAL HARASSMENT

Sections: 354, 354A, 509 IPC (Assault/Criminal force with intent to outrage modesty, Sexual Harassment)

Complainant: Emily Brown
Accused: Meera Iyer
Location: workplace

Complaint:
The accused Meera Iyer has been sexually harassing me at workplace. The harassment includes inappropriate touching, obscene remarks, and unwanted advances.

Despite clear rejection, the accused continued the harassment. The accused also threatened consequences if I reported the matter.

Statement of a witness has been recorded. This is a criminal case of sexual harassment under IPC. Request arrest of accused and appropriate protection measures.",1
"FIR - MURDER CASE

Police Station: Crime Branch
FIR Number: 483/2025
Sections: 302, 201 IPC (Murder, Causing disappearance of evidence)

Deceased: Amit Verma
Accused: Anil Kapoor

Case Summary:
The body of Amit Verma was found at the outskirts of the city. Post-mortem report confirms death due to stab wounds and strangulation. The victim was last seen with the accused Anil Kapoor.

Investigation reveals the accused had ongoing disputes with the deceased over financial matters. Mobile records and witnesses place the accused at the crime scene.

This is a case of premeditated murder. The accused Anil Kapoor has been arrested. Charge sheet being prepared for trial in Sessions Court.",1
"FAMILY COURT MATTER - MAINTENANCE

Applicant: Anita Reddy
Respondent: Arjun Nath

Application for interim maintenance under Section 125 CrPC.

The applicant and respondent are legally married. The respondent has deserted the applicant and is not providing any financial support. The applicant has no independent source of income.

Prayer: Monthly maintenance of ₹50,000 pending divorce proceedings.

Note: This is a civil matrimonial dispute regarding maintenance and not a criminal matter.",0
"WRONGFUL TERMINATION CASE

Employee: Meera Iyer
Employer: Tech Innovations Corp

The employee was terminated without following due process. No show-cause notice was issued. The termination letter cited ""performance issues"" but no performance improvement plan was ever discussed.

Outstanding Dues:
- Unpaid salary: ₹600,000
- Notice period pay: ₹150,000
- Earned leave encashment: ₹75,000

This is a civil matter for wrongful termination and recovery of dues. To be filed before the Labor Commissioner.",0
"WRONGFUL TERMINATION CASE

Employee: Rekha Joshi
Employer: Business Systems Pvt Ltd

The employee was terminated without following due process. No show-cause notice was issued. The termination letter cited ""performance issues"" but no performance improvement plan was ever discussed.

Outstanding Dues:
- Unpaid salary: ₹150,000
- Notice period pay: ₹75,000
- Earned leave encashment: ₹37,500

This is a civil matter for wrongful termination and recovery of dues. To be filed before the Labor Commissioner.",0
"CRIMINAL CASE - HOUSE BREAKING AND THEFT

Victim: Kiran Desai
Accused: Emily Brown

The accused Emily Brown criminally trespassed into the locked house of the victim at night and committed theft of valuable items including vehicle (car) worth ₹8,00,000.

This constitutes criminal offenses under IPC Sections 454 (House trespass), 457 (Lurking house-trespass by night), and 380 (Theft in dwelling house).

The accused has previous criminal history. Request stringent action. This is a serious criminal matter, not a civil dispute.",1
"CIVIL SUIT FOR BREACH OF CONTRACT

Plaintiff: Ritu Sharma
Defendant: Sanjay Mehta
Amount in Dispute: ₹100,000

Statement of Claim:
The plaintiff entered into a contract with the defendant for interior design work on agreed terms. The total contract value was ₹100,000, of which the plaintiff has already paid 60% as advance.

The defendant has failed to complete the work as per the agreed specifications and timeline. Despite multiple reminders, the defendant has neither completed the work nor refunded the advance amount.

The plaintiff seeks recovery of ₹60,000 paid as advance, along with damages for mental harassment and legal costs.

This is a civil matter arising from breach of commercial contract.",0
"INVESTIGATION REPORT - ABDUCTION CASE

Case: Kidnapping of Sunita Rao
Prime Accused: Deepa Nair
Sections: 364, 368 IPC (Kidnapping, Wrongfully concealing abducted person)

Investigation Summary:
The victim Sunita Rao was kidnapped from outside their residence. The accused Deepa Nair was part of the kidnapping gang that held the victim captive for 5 days.

Ransom of ₹2,500,000 was demanded. Through technical surveillance, the hideout was located and the victim was rescued. The accused was arrested from the spot.

This is a criminal case of kidnapping and wrongful confinement. Charge sheet prepared for trial.",1
